Date,Open,High,Low,Close,Volume,Change
2018-05-11,9362,9437,9338,9430,1078,
2018-05-14,9488,9557,9488,9551,61,0.012831389183457054
2018-05-15,9548,9557,9483,9499,74,-0.005444456077897564
2018-05-16,9376,9432,9372,9394,57,-0.011053795136330091
2018-05-17,9381,9450,9357,9374,55,-0.002129018522461168
2018-05-18,9376,9440,9376,9444,54,0.0074674631960742754
2018-05-21,9440,9440,9372,9410,2653,-0.003600169419737398
2018-05-23,9326,9338,9283,9310,58,-0.01062699256110522
2018-05-24,9348,9348,9246,9286,180,-0.002577873254564933
2018-05-25,9158,9167,9111,9132,221,-0.01658410510445829
2018-05-28,9242,9334,9242,9322,54,0.020805957074025327
2018-05-29,9306,9306,9237,9239,54,-0.008903668740613657
2018-05-30,9222,9222,9060,9128,54,-0.012014287260526002
2018-05-31,9195,9199,9167,9197,109,0.00755915863277834
2018-06-01,9171,9217,9144,9197,54,0.0
2018-06-04,9301,9301,9269,9286,56,0.009677068609329043
2018-06-05,9269,9306,9237,9305,56,0.002046090889511021
2018-06-07,9291,9376,9291,9374,54,0.007415368081676421
2018-06-08,9418,9418,9343,9347,54,-0.0028803072327715507
2018-06-11,9338,9440,9338,9439,54,0.009842730287792811
2018-06-12,9464,9479,9414,9435,59,-0.00042377370484159016
2018-06-14,9372,9399,9288,9310,108,-0.013248542660307394
2018-06-15,9291,9291,9217,9234,54,-0.008163265306122436
2018-06-18,9255,9265,9084,9109,54,-0.013536928741607057
2018-06-19,9116,9116,8935,8937,61,-0.018882423976287144
2018-06-20,8930,9028,8917,8997,55,0.006713662302786139
2018-06-21,8921,8949,8833,8835,54,-0.018006002000666932
2018-06-22,8815,8926,8810,8928,54,0.010526315789473717
2018-06-25,8870,8962,8861,8965,54,0.004144265232974842
2018-06-26,8949,8972,8870,8951,54,-0.0015616285554935772
2018-06-27,8908,8954,8833,8835,54,-0.012959445871969621
2018-06-28,8837,8870,8786,8794,769,-0.004640633842671216
2018-06-29,8878,8878,8716,8857,214,0.007163975437798564
2018-07-02,8791,8791,8586,8589,162,-0.030258552557299256
2018-07-03,8619,8619,8476,8538,773,-0.005937827453719846
2018-07-04,8511,8590,8511,8561,485,0.002693839306629142
2018-07-05,8568,8586,8466,8515,54,-0.00537320406494568
2018-07-06,8553,8693,8553,8687,54,0.020199647680563704
2018-07-09,8637,8656,8582,8617,54,-0.008058017727639033
2018-07-10,8652,8670,8637,8650,59,0.00382963908552858
2018-07-11,8578,8586,8506,8561,54,-0.010289017341040485
2018-07-12,8609,8637,8573,8594,54,0.0038546898726783407
2018-07-13,8619,8670,8619,8650,54,0.0065161740749359875
2018-07-16,8624,8652,8599,8608,54,-0.004855491329479822
2018-07-17,8604,8619,8568,8599,54,-0.0010455390334572767
2018-07-18,8624,8624,8484,8491,54,-0.012559599953482992
2018-07-19,8544,8544,8429,8450,54,-0.004828642091626478
2018-07-20,8406,8457,8374,8436,54,-0.001656804733727757
2018-07-23,8471,8488,8424,8431,69,-0.0005926979611190486
2018-07-24,8466,8511,8420,8506,54,0.008895741904874965
2018-07-25,8553,8563,8511,8519,56,0.0015283329414530478
2018-07-26,8573,8590,8544,8556,54,0.004343232773799777
2018-07-27,8563,8573,8544,8574,54,0.0021037868162692153
2018-07-30,8568,8586,8558,8584,55,0.0011663167716351452
2018-07-31,8604,8661,8599,8663,54,0.009203168685927299
2018-08-01,8683,8721,8683,8705,54,0.004848205009811757
2018-08-02,8642,8666,8516,8543,54,-0.0186099942561746
2018-08-03,8590,8670,8582,8673,57,0.015217136837176737
2018-08-06,8652,8725,8652,8683,55304,0.001153003574311029
2018-08-07,8647,8670,8609,8668,24578,-0.001727513532189362
2018-08-08,8637,8666,8627,8631,54,-0.0042685740655283855
2018-08-09,8637,8642,8609,8627,59,-0.0004634457189202079
2018-08-10,8652,8693,8632,8673,54,0.00533209690506542
2018-08-13,8619,8637,8503,8524,54,-0.017179753257235086
2018-08-14,8540,8590,8531,8594,54,0.008212106992022461
2018-08-16,8540,8540,8480,8533,54,-0.007097975331626705
2018-08-17,8544,8582,8526,8574,54,0.004804875190437041
2018-08-20,8578,8619,8563,8574,54,0.0
2018-08-21,8568,8614,8558,8612,54,0.004432003732213641
2018-08-22,8578,8599,8531,8533,54,-0.009173246632605658
2018-08-23,8558,8578,8503,8548,58,0.0017578811672331884
2018-08-24,8573,8632,8558,8631,5614,0.009709873654656143
2018-08-27,8632,8647,8609,8640,54,0.0010427528675704956
2018-08-28,8652,8703,8652,8696,54,0.0064814814814815325
2018-08-29,8711,8730,8698,8710,54,0.0016099356025758293
2018-08-30,8688,8688,8614,8635,54,-0.008610792192881744
2018-08-31,8642,8678,8627,8683,107,0.005558772437753268
2018-09-03,8637,8652,8627,8645,54,-0.004376367614879695
2018-09-04,8642,8642,8599,8645,54,0.0
2018-09-05,8642,8678,8604,8608,54,-0.004279930595720072
2018-09-06,8604,8666,8595,8603,2792,-0.0005808550185874006
2018-09-07,8627,8703,8595,8691,4369,0.01022898988724874
2018-09-10,8624,8711,8624,8710,108,0.002186169600736365
2018-09-11,8698,8745,8678,8719,111,0.001033295063145756
2018-09-12,8767,8776,8703,8766,108,0.0053905264365179395
2018-09-13,8815,8823,8781,8820,5883,0.006160164271047153
2018-09-14,8833,8883,8833,8877,107,0.006462585034013646
2018-09-17,8851,8851,8771,8798,108,-0.008899402951447533
2018-09-18,8750,8786,8745,8790,54,-0.0009092975676290305
2018-09-19,8791,8791,8730,8733,54,-0.006484641638225264
2018-09-20,8750,8763,8716,8729,54,-0.0004580327493415304
2018-09-21,8800,8805,8767,8771,70,0.004811547714514752
2018-09-27,8791,8878,8791,8867,55,0.010945160186979885
2018-09-28,8865,8875,8833,8877,72,0.001127777151235021
2018-10-01,8837,8842,8791,8798,111,-0.008899402951447533
2018-10-02,8805,8828,8745,8746,144,-0.005910434189588587
2018-10-04,8791,8791,8624,8650,54,-0.010976446375485893
2018-10-05,8582,8604,8526,8599,54,-0.005895953757225403
2018-10-08,8582,8590,8506,8510,54,-0.010350040702407304
2018-10-10,8503,8521,8340,8352,54,-0.018566392479435923
2018-10-11,8146,8177,7978,7981,11460,-0.04442049808429116
2018-10-12,7978,8034,7935,8018,54,0.0046360105249969585
2018-10-15,7996,8029,7968,7986,54,-0.003991020204539786
2018-10-16,8043,8080,8014,8018,54,0.004007012271475041
2018-10-17,8146,8151,8061,8107,54,0.011100024943876186
2018-10-18,8076,8112,8014,8023,54,-0.010361416060194917
2018-10-19,7945,8039,7904,8040,54,0.002118908139099984
2018-10-22,8014,8080,7968,8082,54,0.0052238805970148405
2018-10-23,8029,8047,7769,7842,7292,-0.029695619896065284
2018-10-24,7917,7922,7828,7883,56,0.00522825809742411
2018-10-25,7760,7793,7680,7767,6085,-0.014715209945452279
2018-10-26,7773,7773,7550,7605,64,-0.02085747392815762
2018-10-29,7657,7676,7425,7428,55,-0.023274161735700183
2018-10-30,7439,7489,7350,7469,55,0.005519655358104503
2018-10-31,7439,7546,7384,7525,108,0.007497656982192957
2018-11-01,7482,7560,7453,7460,55,-0.008637873754152814
2018-11-02,7513,7700,7513,7697,162,0.031769436997318934
2018-11-05,7695,7695,7588,7626,54,-0.009224373132389219
2018-11-06,7690,7751,7690,7725,55,0.012981904012588474
2018-11-07,7741,7824,7569,7580,681,-0.018770226537216828
2018-11-08,7732,7817,7714,7715,108,0.01781002638522433
2018-11-09,7718,7760,7690,7697,6013,-0.002333117303953358
2018-11-12,7657,7714,7657,7683,120,-0.0018188904768091652
2018-11-13,7584,7685,7533,7679,5781,-0.0005206299622543265
2018-11-14,7685,7700,7652,7701,107,0.002864956374527994
2018-11-15,7685,7798,7680,7798,6260,0.012595766783534579
2018-11-16,7817,7852,7807,7842,107,0.005642472428827983
2018-11-19,7838,7968,7838,7940,5857,0.012496812037745553
2018-11-20,7922,7996,7922,7966,119,0.003274559193954696
2018-11-21,7908,8010,7867,8014,412,0.006025608837559648
2018-11-22,7978,7978,7908,7925,118,-0.011105565260793648
2018-11-23,7926,7926,7842,7850,109,-0.009463722397476393
2018-11-26,7894,8024,7894,8009,6083,0.020254777070063623
2018-11-27,8006,8024,7960,8004,108,-0.0006242976651267274
2018-11-28,8034,8034,7978,8028,109,0.0029985007496251548
2018-11-29,8103,8112,8039,8055,107,0.0033632286995515237
2018-11-30,8103,8103,8047,8092,107,0.004593420235878387
2018-12-03,8136,8177,8103,8176,5679,0.01038062283737018
2018-12-04,8136,8146,8071,8097,222,-0.009662426614481356
2018-12-05,8057,8122,8057,8097,5871,0.0
2018-12-06,8112,8112,7964,7976,5871,-0.014943806348030164
2018-12-07,8057,8057,7964,8004,82,0.0035105315947843163
2018-12-10,7880,7945,7880,7920,68,-0.010494752623688153
2018-12-11,7917,7964,7889,7940,11948,0.002525252525252597
2018-12-12,7950,8047,7945,8045,107,0.013224181360201426
2018-12-13,8061,8146,8057,8138,220,0.011559975139838308
2018-12-14,8182,8192,8089,8138,6008,0.0
2018-12-17,8182,8201,8146,8161,107,0.00282624723519298
2018-12-18,8131,8177,8094,8125,108,-0.0044112241146918585
2018-12-19,8117,8177,8117,8180,109,0.006769230769230861
2018-12-20,8168,8201,8080,8166,137,-0.0017114914425427896
2018-12-21,8187,8187,8122,8156,536,-0.001224589762429562
2018-12-24,8127,8154,8107,8116,107,-0.004904364884747436
2018-12-26,8014,8024,7904,7971,107,-0.01786594381468709
2018-12-27,8057,8172,8019,8102,5724,0.01643457533559145
2018-12-28,8172,8187,8154,8171,158,0.008516415699827196
2019-01-02,8131,8159,7978,8032,159,-0.01701138171582428
2019-01-03,8024,8029,7950,7952,107,-0.009960159362549792
2019-01-04,7968,8085,7960,8078,102,0.015845070422535246
2019-01-07,8146,8177,8103,8129,201,0.006313443921762918
2019-01-08,8172,8172,8085,8102,107,-0.0033214417517529737
2019-01-09,8168,8256,8168,8235,96,0.016415699827203145
2019-01-10,8201,8201,8151,8171,183,-0.0077717061323618886
2019-01-11,8151,8206,8146,8198,131,0.0033043691102681017
2019-01-14,8206,8229,8154,8184,5374,-0.0017077335935593574
2019-01-15,8234,8313,8234,8264,101,0.009775171065493637
2019-01-16,8234,8261,8224,8235,102,-0.0035091965150048088
2019-01-17,8234,8252,8201,8217,131,-0.002185792349726823
2019-01-18,8295,8308,8270,8310,104,0.011317999269806478
2019-01-21,8369,8369,8308,8319,115,0.0010830324909747446
2019-01-22,8327,8327,8252,8273,2392,-0.005529510758504608
2019-01-23,8280,8374,8280,8357,109,0.010153511422700268
2019-01-24,8327,8369,8313,8352,102,-0.0005983008256551514
2019-01-25,8318,8437,8318,8431,105,0.009458812260536353
2019-01-28,8437,8447,8401,8421,104,-0.001186098920650025
2019-01-29,8378,8391,8340,8379,3438,-0.004987531172069848
2019-01-30,8401,8452,8378,8455,3442,0.009070294784580435
2019-01-31,8558,8558,8452,8519,95,0.007569485511531582
2019-02-01,8521,8521,8476,8496,103,-0.002699847399929567
2019-02-07,8503,8503,8442,8491,103,-0.0005885122410546062
2019-02-08,8503,8503,8437,8455,111,-0.004239783299964661
2019-02-11,8466,8493,8416,8486,116252,0.003666469544648221
2019-02-12,8466,8488,8429,8467,627,-0.0022389818524628513
2019-02-13,8457,8516,8457,8510,7592,0.005078540214952243
2019-02-14,8466,8563,8442,8566,1935,0.006580493537015286
2019-02-15,8544,8553,8484,8533,320,-0.003852439878589742
2019-02-18,8558,8614,8558,8617,64,0.009844134536505234
2019-02-19,8586,8609,8544,8603,12506,-0.0016246953696181787
2019-02-20,8604,8674,8582,8658,104,0.006393118679530296
2019-02-21,8632,8656,8599,8635,29246,-0.002656502656502635
2019-02-22,8632,8683,8632,8658,324,0.0026635784597568435
2019-02-25,8740,8740,8674,8705,334,0.005428505428505481
2019-02-26,8666,8708,8666,8683,103,-0.0025272831705915877
2019-02-27,8721,8745,8670,8746,162,0.007255556835195298
2019-02-28,8758,8781,8624,8627,632,-0.013606219986279422
2019-03-04,8661,8730,8661,8683,57,0.006491248406166772
2019-03-05,8647,8656,8599,8658,385,-0.0028791892203156033
2019-03-06,8624,8656,8614,8631,59,-0.0031185031185031464
2019-03-07,8614,8614,8516,8552,55,-0.009153052948673412
2019-03-08,8498,8521,8433,8445,29480,-0.012511693171188054
2019-03-11,8424,8462,8374,8462,38359,0.002013025458851292
2019-03-12,8484,8506,8466,8486,15037,0.0028362089340581154
2019-03-13,8516,8531,8476,8528,8376,0.004949328305444256
2019-03-14,8563,8573,8511,8574,35,0.005393996247654798
2019-03-15,8531,8666,8531,8645,159,0.008280849078609709
2019-03-18,8703,8711,8652,8715,23966,0.00809716599190291
2019-03-19,8721,8721,8666,8668,34,-0.005393000573723494
2019-03-20,8642,8647,8568,8650,27,-0.0020766035994462806
2019-03-21,8590,8632,8493,8510,75,-0.016184971098265888
2019-03-22,8480,8511,8437,8467,92,-0.005052878965922436
2019-03-25,8420,8429,8340,8343,76,-0.014645092712885277
2019-03-26,8340,8401,8336,8375,15100,0.00383555076111719
2019-03-27,8420,8420,8349,8384,109,0.001074626865671613
2019-03-28,8364,8364,8313,8328,228,-0.006679389312977069
2019-03-29,8382,8416,8359,8412,3284,0.01008645533141217
2019-04-01,8433,8521,8433,8519,29,0.012719923918212084
2019-04-02,8498,8498,8447,8491,356,-0.0032867707477403085
2019-04-03,8466,8578,8462,8579,432,0.010363914733247048
2019-04-04,8590,8614,8563,8594,350,0.0017484555309477123
2019-04-05,8578,8599,8568,8579,64,-0.0017454037700721514
2019-04-08,8642,8642,8599,8617,173,0.004429420678400797
2019-04-09,8619,8647,8595,8622,62,0.0005802483462922225
2019-04-10,8586,8656,8586,8658,53,0.0041753653444676075
2019-04-11,8666,8683,8647,8663,23129,0.0005775005775006115
2019-04-12,8666,8716,8632,8715,271,0.0060025395359575295
2019-04-15,8721,8771,8721,8761,37828,0.005278255880665439
2019-04-16,8711,8730,8683,8733,14691,-0.0031959821938134514
2019-04-17,8750,8750,8721,8751,5366,0.0020611473720371087
2019-04-18,8750,8750,8656,8658,130,-0.010627356873500138
2019-04-19,8656,8656,8632,8635,4738,-0.002656502656502635
2019-04-22,8670,8678,8614,8650,30,0.0017371163867978545
2019-04-23,8683,8683,8637,8640,25496,-0.0011560693641619046
2019-04-24,8666,8666,8553,8579,42,-0.007060185185185142
2019-04-25,8614,8614,8558,8566,34,-0.0015153281268213137
2019-04-26,8544,8544,8480,8506,35,-0.00700443614289048
2019-04-29,8488,8592,8488,8595,60,0.010463202445332609
2019-04-30,8639,8639,8517,8585,593,-0.0011634671320535084
2019-05-02,8536,8626,8536,8618,28,0.0038439138031449716
2019-05-03,8559,8559,8484,8515,92,-0.011951728939429085
2019-05-07,8420,8433,8381,8435,29,-0.009395184967704084
2019-05-08,8343,8442,8343,8430,90,-0.0005927682276229973
2019-05-09,8377,8377,8147,8149,41,-0.033333333333333326
2019-05-10,8259,8259,8128,8199,28,0.00613572217449998
2019-05-13,8137,8137,8043,8055,1405,-0.01756311745334793
2019-05-14,8014,8090,8001,8073,29319,0.0022346368715084886
2019-05-15,8057,8152,8029,8153,10042,0.009909575126966441
2019-05-16,8147,8155,8061,8087,47422,-0.008095179688458187
2019-05-17,8099,8123,8010,8013,2032,-0.009150488438234183
2019-05-20,8086,8086,7972,7985,139,-0.003494321727193328
2019-05-21,7982,8010,7954,7975,36,-0.00125234815278652
2019-05-22,7963,7972,7921,7970,101,-0.0006269592476488839
2019-05-23,7929,7954,7892,7923,196,-0.0058971141781681835
2019-05-24,7907,7944,7887,7913,103,-0.0012621481761958542
2019-05-27,7925,7959,7892,7960,33,0.005939593074687277
2019-05-28,7991,7996,7959,7988,31,0.0035175879396984744
2019-05-29,7963,7963,7836,7866,4847,-0.015272909364046017
2019-05-30,7869,7869,7804,7866,41,0.0
2019-05-31,7804,7887,7804,7881,92011,0.0019069412662089391
2019-06-03,7818,7925,7809,7928,45,0.005963710189062388
2019-06-04,7939,7963,7892,7938,101005,0.0012613521695257202
2019-06-05,7954,7959,7907,7913,109,-0.003149407911312685
2019-06-07,7949,7996,7902,7956,57,0.0054340957917351496
2019-06-10,7972,8034,7959,8035,461,0.009929612870789306
2019-06-11,8047,8118,8019,8116,561,0.010080896079651458
2019-06-12,8128,8152,8118,8129,26,0.001601774273040979
2019-06-13,8108,8160,8052,8162,117,0.004059539918809252
2019-06-14,8123,8152,8113,8129,43,-0.0040431266846361336
2019-06-17,8128,8155,8086,8102,48,-0.0033214417517529737
2019-06-18,8108,8132,8104,8121,138,0.002345099975314735
2019-06-19,8165,8189,8165,8181,35,0.007388252678241614
2019-06-20,8179,8208,8165,8185,109,0.0004889377826671204
2019-06-21,8189,8203,8165,8172,4473,-0.0015882712278558753
2019-06-24,8203,8212,8170,8194,9927,0.002692119432207596
2019-06-25,8226,8226,8142,8153,40,-0.005003661215523536
2019-06-26,8104,8123,8095,8102,102,-0.006255366122899564
2019-06-27,8113,8189,8104,8172,48,0.008639842014317445
2019-06-28,8165,8165,8095,8111,50,-0.00746451297112094
2019-07-01,8212,8212,8137,8144,34,0.00406854888423136
2019-07-02,8095,8118,8095,8102,107,-0.005157170923379195
2019-07-03,8147,8147,8039,8050,36,-0.006418168353492959
2019-07-04,8057,8076,7986,8078,52,0.003478260869565153
2019-07-05,8104,8128,8076,8121,30,0.005323099777172491
2019-07-08,8081,8081,7929,7933,46,-0.023149858391823708
2019-07-09,7921,7929,7814,7815,40,-0.0148745745619564
2019-07-10,7785,7809,7771,7791,112,-0.003071017274472121
2019-07-11,7892,7921,7865,7900,35,0.013990501861121718
2019-07-12,7882,7925,7882,7928,16,0.0035443037974682845
2019-07-15,7939,7939,7860,7886,4014,-0.005297679112008069
2019-07-16,7887,7916,7845,7908,18582,0.0027897539944203853
2019-07-17,7921,7921,7822,7857,1122,-0.006449165402124479
2019-07-18,7818,7831,7799,7810,10843,-0.005981926944126248
2019-07-19,7845,7929,7831,7928,57,0.015108834827144646
2019-07-22,7902,7902,7869,7895,137,-0.004162462159434943
2019-07-23,7882,7929,7878,7923,34,0.0035465484483849785
2019-07-24,7921,7921,7855,7866,75,-0.007194244604316502
2019-07-25,7822,7822,7696,7758,101,-0.013729977116704761
2019-07-26,7766,7766,7710,7716,35,-0.005413766434648082
2019-07-29,7696,7706,7554,7570,46,-0.01892172109901502
2019-07-30,7579,7606,7545,7574,108,0.0005284015852047297
2019-07-31,7601,7601,7532,7594,82,0.0026406126221283355
2019-08-01,7532,7596,7508,7532,263,-0.008164340268633108
2019-08-02,7503,7503,7437,7454,47,-0.010355815188528905
2019-08-05,7414,7427,7206,7229,47,-0.030185135497719395
2019-08-06,7057,7250,7024,7124,148,-0.014524830543643619
2019-08-07,7160,7160,7024,7082,51,-0.0058955642897248195
2019-08-08,7109,7220,7099,7199,136,0.01652075684834786
2019-08-09,7245,7259,7203,7229,42,0.004167245450757084
2019-08-12,7203,7220,7160,7204,2402,-0.0034582929865818457
2019-08-13,7160,7193,7160,7185,38,-0.0026374236535258166
2019-08-14,7188,7198,7160,7177,105,-0.0011134307585246583
2019-08-16,7113,7128,7091,7124,1155,-0.007384701128605231
2019-08-19,7160,7240,7156,7241,28123,0.01642335766423364
2019-08-20,7216,7297,7216,7293,3249,0.007181328545780907
2019-08-21,7292,7319,7277,7323,29,0.004113533525298196
2019-08-22,7300,7315,7262,7276,118,-0.006418134644271434
2019-08-23,7259,7277,7235,7261,34,-0.0020615722924683944
2019-08-26,7118,7170,7118,7134,33,-0.017490703759812654
2019-08-27,7188,7198,7118,7124,53,-0.0014017381553126373
2019-08-28,7123,7183,7113,7185,111,0.008562605277933732
2019-08-29,7216,7230,7198,7224,33,0.00542797494780789
2019-08-30,7277,7339,7277,7336,31,0.015503875968992276
2019-09-02,7305,7367,7305,7364,28,0.003816793893129722
2019-09-03,7357,7414,7357,7388,53,0.0032590983161324694
2019-09-04,7347,7437,7347,7440,115,0.0070384407146724115
2019-09-05,7451,7475,7419,7435,38,-0.0006720430107527431
2019-09-06,7451,7461,7404,7411,39,-0.0032279757901815254
2019-09-09,7409,7451,7390,7393,59,-0.0024288220213196654
2019-09-10,7441,7489,7437,7491,30,0.01325578249695658
2019-09-11,7540,7574,7517,7574,41,0.011079962621812767
2019-09-16,7601,7644,7601,7646,58,0.009506205439661963
2019-09-17,7663,7691,7653,7683,31,0.004839131572063726
2019-09-18,7696,7701,7653,7688,83,0.0006507874528178803
2019-09-19,7639,7681,7621,7622,9028,-0.00858480749219559
2019-09-20,7653,7691,7631,7693,7631,0.00931514038310155
2019-09-23,7686,7701,7668,7688,43,-0.0006499415052645396
2019-09-24,7696,7719,7673,7721,48,0.00429240374609785
2019-09-25,7706,7706,7579,7579,49,-0.01839140007771012
2019-09-26,7644,7663,7545,7594,33,0.0019791529225492432
2019-09-27,7601,7601,7508,7518,36,-0.010007900974453476
2019-09-30,7489,7554,7470,7557,441,0.0051875498802873565
2019-10-01,7532,7631,7522,7617,24588,0.007939658594680488
2019-10-02,7554,7559,7470,7472,10456,-0.019036366023368778
2019-10-04,7451,7451,7376,7378,92,-0.012580299785867277
2019-10-07,7371,7371,7343,7369,139,-0.0012198427758199903
2019-10-08,7404,7461,7404,7449,36,0.010856289862939406
2019-10-10,7409,7409,7334,7350,31,-0.01329037454691906
2019-10-11,7427,7427,7385,7388,35,0.005170068027210872
2019-10-14,7446,7493,7441,7472,69,0.011369788846778528
2019-10-15,7493,7545,7493,7532,35,0.008029978586723718
2019-10-16,7564,7596,7554,7579,31,0.006240042485395669
2019-10-17,7574,7588,7536,7537,51,-0.005541628183137637
2019-10-18,7606,7606,7532,7537,55,0.0
2019-10-21,7569,7569,7517,7528,57,-0.0011941090619610462
2019-10-22,7574,7601,7574,7594,60,0.008767268862911903
2019-10-23,7549,7569,7498,7523,48,-0.009349486436660559
2019-10-24,7522,7540,7456,7537,50,0.0018609597235146325
2019-10-25,7532,7540,7503,7542,54,0.000663393923311606
2019-10-28,7579,7588,7545,7561,193,0.0025192256695836246
2019-10-29,7564,7569,7517,7518,190,-0.005687078428779246
2019-10-30,7545,7545,7470,7496,347,-0.0029263101888800103
2019-10-31,7517,7545,7489,7501,254,0.0006670224119529333
2019-11-01,7489,7512,7480,7513,30,0.001599786695107408
2019-11-04,7540,7639,7540,7631,213,0.01570610941035544
2019-11-05,7649,7686,7639,7683,34,0.006814310051107331
2019-11-06,7677,7710,7677,7693,64,0.0013015749056357606
2019-11-07,7686,7724,7677,7706,25498,0.0016898479136877587
2019-11-08,7724,7724,7686,7706,17368,0.0
2019-11-11,7681,7681,7611,7674,137,-0.004152608357124277
2019-11-12,7677,7681,7626,7683,1259,0.0011727912431587217
2019-11-13,7663,7663,7606,7612,86,-0.009241181830014322
2019-11-14,7601,7626,7579,7626,60,0.0018392012611665454
2019-11-15,7634,7733,7634,7726,74,0.013113034356150077
2019-11-18,7719,7719,7649,7674,9991,-0.006730520320994082
2019-11-19,7673,7673,7584,7646,63,-0.0036486838676048627
2019-11-20,7601,7601,7532,7542,111,-0.013601883337692966
2019-11-21,7574,7574,7446,7477,38,-0.008618403606470482
2019-11-22,7475,7503,7470,7496,38,0.0025411261201016
2019-11-25,7508,7584,7508,7584,106,0.011739594450373536
2019-11-26,7601,7631,7596,7626,34,0.005537974683544222
2019-11-27,7677,7677,7621,7655,37,0.003802779963283598
2019-11-28,7626,7639,7601,7617,70,-0.004964075767472265
2019-11-29,7668,7668,7540,7561,112,-0.007351975843507996
2019-12-02,7564,7574,7536,7547,106,-0.0018516069303001759
2019-12-03,7508,7549,7470,7552,29,0.0006625149065853098
2019-12-04,7484,7503,7461,7491,61,-0.00807733050847459
2019-12-05,7475,7475,7394,7430,49,-0.008143105059404632
2019-12-06,7489,7498,7466,7501,27,0.009555854643337858
2019-12-09,7470,7480,7419,7420,63,-0.010798560191974449
2019-12-10,7461,7489,7446,7491,25,0.009568733153638709
2019-12-11,7498,7517,7470,7513,4861,0.002936857562408246
2019-12-12,7536,7584,7536,7570,100,0.007586849460934353
2019-12-13,7691,7691,7653,7679,33,0.014398943196829661
2019-12-16,7663,7673,7626,7646,6792,-0.00429743456179188
2019-12-17,7639,7686,7626,7683,25,0.004839131572063726
2019-12-18,7673,7677,7663,7674,29,-0.0011714174150722068
2019-12-19,7653,7677,7649,7679,72,0.0006515506906437096
2019-12-20,7728,7728,7691,7716,166,0.004818335720796929
2019-12-23,7710,7724,7701,7721,53,0.0006480041472265441
2019-12-24,7724,7728,7710,7721,54,0.0
2019-12-26,7719,7743,7701,7744,27,0.0029788887449813117
2019-12-27,7762,7873,7757,7844,90,0.012913223140495811
2019-12-30,7840,7882,7840,7886,83,0.005354411014788285
2020-01-02,7785,7809,7766,7782,173,-0.013187927973624114
2020-01-03,7831,7855,7771,7787,31,0.000642508352608484
2020-01-06,7728,7728,7644,7655,35,-0.016951329138307436
2020-01-07,7724,7724,7701,7721,254152,0.008621815806662214
2020-01-08,7564,7569,7466,7496,25775,-0.029141302940033698
2020-01-09,7601,7601,7540,7579,50,0.01107257203842038
2020-01-10,7584,7631,7584,7631,26,0.006861063464836947
2020-01-13,7631,7719,7631,7716,2934,0.01113877604507918
2020-01-14,7738,7753,7724,7739,4986,0.002980819077242014
2020-01-15,7748,7799,7743,7800,2333,0.00788215531722436
2020-01-16,7762,7771,7748,7768,53,-0.004102564102564155
2020-01-17,7822,7822,7766,7768,31,0.0
2020-01-20,7771,7795,7728,7731,99,-0.00476313079299695
2020-01-21,7748,7753,7686,7693,33,-0.004915276160910587
2020-01-22,7715,7766,7701,7768,27,0.009749122578967873
2020-01-23,7719,7719,7677,7688,50,-0.010298661174047319
2020-01-28,7522,7522,7424,7454,52,-0.030437044745057262
2020-01-29,7461,7461,7390,7449,36,-0.0006707807888381989
2020-01-30,7441,7441,7297,7318,978,-0.01758625318834739
2020-01-31,7334,7347,7225,7229,255,-0.012161792839573637
2020-02-03,7118,7178,7066,7172,27923,-0.007884908009406555
2020-02-04,7165,7250,7165,7224,293463,0.007250418293363037
2020-02-05,7225,7262,7211,7237,1431,0.0017995570321152066
2020-02-06,7297,7475,7297,7458,49,0.0305375155451153
2020-02-07,7441,7441,7376,7416,20721,-0.005631536604987941
2020-02-10,7371,7394,7324,7398,44,-0.0024271844660194164
2020-02-11,7475,7489,7456,7491,52,0.012570965125709543
2020-02-12,7466,7540,7466,7542,36,0.00680816980376453
2020-02-13,7527,7536,7456,7458,47,-0.011137629276054106
2020-02-14,7451,7475,7437,7445,31,-0.0017430946634486855
2020-02-17,7437,7466,7419,7458,41,0.0017461383478845072
2020-02-18,7404,7414,7343,7369,122,-0.011933494234379172
2020-02-19,7367,7371,7292,7318,58,-0.006920884787623871
2020-02-20,7343,7347,7235,7237,35,-0.011068597977589523
2020-02-21,7170,7174,7109,7111,35,-0.017410529224816895
2020-02-24,6954,6954,6817,6820,3026,-0.040922514414287736
2020-02-25,6817,6897,6817,6898,2161,0.0114369501466276
2020-02-26,6799,6883,6799,6861,30,-0.005363873586546775
2020-02-27,6869,6883,6794,6824,136,-0.005392799883398913
2020-02-28,6742,6742,6573,6621,1261,-0.02974794841735051
2020-03-02,6638,6652,6549,6621,758,0.0
2020-03-03,6752,6757,6643,6646,91,0.0037758646730101653
2020-03-04,6677,6761,6677,6754,716,0.01625037616611502
2020-03-05,6803,6887,6803,6890,29,0.02013621557595502
2020-03-06,6789,6799,6709,6744,44494,-0.021190130624092918
2020-03-09,6573,6578,6461,6500,124,-0.036180308422301355
2020-03-10,6423,6489,6423,6491,4252,-0.0013846153846154285
2020-03-11,6503,6508,6292,6339,100,-0.023417038977045168
2020-03-12,6272,6272,5929,5979,242,-0.056791292001893035
2020-03-13,5573,5728,5385,5672,917,-0.05134637899314265
2020-03-16,5719,5766,5578,5579,144,-0.016396332863187535
2020-03-17,5267,5568,5267,5434,313,-0.025990320846029702
2020-03-18,5460,5478,5184,5185,123,-0.045822598454177355
2020-03-19,5216,5216,4656,4660,103,-0.1012536162005786
2020-03-20,4703,4807,4591,4810,236,0.032188841201716833
2020-03-23,4661,4732,4586,4640,451,-0.03534303534303529
2020-03-24,4723,4948,4723,4950,1403,0.0668103448275863
2020-03-25,5169,5352,5137,5344,37,0.07959595959595966
2020-03-26,5313,5521,5313,5523,753,0.033495508982035904
2020-03-27,5642,5642,5399,5504,47,-0.0034401593336954583
2020-03-30,5356,5568,5267,5556,75,0.009447674418604723
2020-03-31,5640,5742,5625,5744,71,0.03383729301655869
2020-04-01,5709,5831,5592,5593,952719,-0.026288300835654588
2020-04-02,5587,5737,5498,5729,1711901,0.024316109422492405
2020-04-03,5747,5747,5587,5734,387160,0.0008727526618956816
2020-04-06,5822,5980,5822,5984,133,0.04359958144401821
2020-04-07,6010,6155,6000,6143,939143,0.0265708556149733
2020-04-08,6150,6250,6052,6111,521022,-0.005209181181833
2020-04-09,6207,6221,6145,6223,426531,0.01832760595647187
2020-04-10,6221,6282,6145,6283,702192,0.009641651936365125
2020-04-13,6272,6272,6145,6167,998150,-0.018462517905459164
2020-04-14,6202,6319,6202,6292,738579,0.020269174639208742
2020-04-16,6272,6292,6150,6283,47,-0.0014303877940241572
2020-04-17,6334,6428,6319,6396,62039,0.01798503899411119
2020-04-20,6395,6484,6357,6424,49498,0.004377736085053208
2020-04-21,6399,6399,6211,6292,47,-0.020547945205479423
2020-04-22,6245,6357,6198,6359,101210,0.01064844246662422
2020-04-23,6366,6461,6366,6449,32526,0.014153168737222943
2020-04-24,6432,6432,6324,6373,8972,-0.011784772832997392
2020-04-27,6376,6544,6376,6523,2554,0.023536795857523884
2020-04-28,6579,6606,6522,6609,681,0.013184117737237377
2020-04-29,6606,6682,6606,6678,42,0.010440308669995568
2020-05-04,6461,6564,6446,6476,2419841,-0.03024857741838871
2020-05-06,6532,6545,6471,6528,1592616,0.008029647930821504
2020-05-07,6517,6584,6503,6584,897801,0.008578431372548989
2020-05-08,6636,6663,6606,6617,2529404,0.005012150668286752
2020-05-11,6631,6658,6601,6636,190235,0.002871391869427198
2020-05-12,6639,6639,6503,6557,1319,-0.011904761904761862
2020-05-13,6479,6631,6479,6631,119,0.011285648924813207
2020-05-14,6550,6584,6541,6552,25,-0.011913738500980209
2020-05-15,6636,6648,6584,6651,39,0.015109890109890056
2020-05-18,6644,6686,6606,6688,314,0.005563073222071946
2020-05-19,6813,6832,6790,6820,30,0.019736842105263053
2020-05-20,6761,6837,6761,6824,469,0.0005865102639295294
2020-05-21,6884,6893,6846,6896,56,0.010550996483001063
2020-05-22,6908,6950,6766,6815,2633,-0.01174593967517401
2020-05-25,6870,6884,6800,6886,77,0.010418195157740229
2020-05-26,6913,7011,6913,7012,47,0.018297995933778788
2020-05-27,7025,7087,7025,7069,106,0.008128921848260084
2020-05-28,7035,7058,6898,6985,6517,-0.011882868864054319
2020-05-29,6960,7030,6922,6985,191,0.0
2020-06-01,7015,7095,7015,7097,21055,0.016034359341446036
2020-06-02,7082,7222,7082,7225,171,0.018035789770325383
2020-06-03,7336,7401,7307,7389,133437,0.022698961937716255
2020-06-04,7505,7505,7349,7365,36,-0.0032480714575721104
2020-06-05,7383,7486,7341,7488,140,0.016700610997963272
2020-06-08,7608,7608,7495,7512,192,0.0032051282051281937
2020-06-09,7534,7603,7472,7563,156,0.006789137380191601
2020-06-10,7561,7561,7514,7520,335,-0.005685574507470537
2020-06-11,7538,7538,7378,7455,36,-0.008643617021276584
2020-06-12,7152,7242,7119,7242,105,-0.02857142857142858
2020-06-15,7176,7176,6842,6843,63,-0.055095277547638766
2020-06-16,7072,7247,7058,7247,770,0.05903843343562776
2020-06-17,7222,7259,7100,7168,488,-0.010901062508624215
2020-06-18,7217,7247,7166,7220,36,0.0072544642857141906
2020-06-19,7299,7299,7148,7191,33,-0.004016620498614953
2020-06-22,7157,7166,7114,7125,31,-0.009178139340842772
2020-06-23,7180,7195,7039,7112,49,-0.0018245614035087288
2020-06-24,7166,7180,7134,7163,40,0.007170978627671465
2020-06-25,7062,7077,6987,6990,33,-0.024151891665503245
2020-06-26,7049,7049,6987,7032,33,0.006008583690987113
2020-06-29,6930,6965,6888,6904,35,-0.018202502844141044
2020-06-30,6992,7044,6982,7012,64,0.015643105446118133
2020-07-01,7015,7044,6982,6990,53,-0.0031374786081004302
2020-07-02,7082,7087,7044,7087,33,0.013876967095851178
2020-07-03,7124,7129,7062,7130,33,0.006067447438972806
2020-07-06,7148,7222,7100,7225,139,0.0133239831697054
2020-07-07,7279,7279,7124,7163,79,-0.008581314878892687
2020-07-08,7185,7185,7119,7168,147,0.0006980315510261015
2020-07-09,7185,7213,7171,7196,58,0.00390625
2020-07-10,7148,7148,7062,7078,45,-0.016397998888271315
2020-07-13,7134,7217,7134,7220,43,0.020062164453235276
2020-07-14,7185,7217,7157,7220,39,0.0
2020-07-15,7256,7312,7200,7242,345,0.0030470914127422866
2020-07-16,7284,7312,7252,7276,96,0.0046948356807512415
2020-07-17,7321,7321,7269,7285,133,0.001236943375481081
2020-07-20,7299,7331,7252,7332,67,0.006451612903225712
2020-07-21,7396,7472,7373,7464,182,0.018003273322422242
2020-07-22,7411,7519,7411,7478,436,0.00187566988210075
2020-07-23,7463,7463,7411,7455,28,-0.003075688686814626
2020-07-24,7425,7453,7392,7421,30,-0.004560697518444012
2020-07-27,7467,7509,7467,7483,40,0.008354669182050856
2020-07-28,7490,7509,7472,7492,68,0.001202726179339919
2020-07-29,7490,7519,7472,7520,304,0.0037373198077950143
2020-07-30,7547,7547,7505,7544,138,0.0031914893617022155
2020-07-31,7556,7556,7477,7497,6550,-0.006230116648992534
2020-08-03,7490,7490,7411,7478,64,-0.0025343470721621575
2020-08-04,7509,7636,7509,7638,38,0.021396095212623756
2020-08-05,7716,7750,7693,7750,35,0.014663524482849022
2020-08-06,7750,7853,7745,7784,136,0.004387096774193466
2020-08-07,7890,7890,7806,7873,37,0.011433710174717282
2020-08-10,7872,8027,7872,8028,35,0.01968753969262038
2020-08-11,8059,8135,8050,8127,81,0.012331838565022402
2020-08-12,8140,8229,8079,8231,99,0.012796850006152383
2020-08-13,8276,8286,8229,8254,2488,0.002794314178107049
2020-08-14,8276,8295,8106,8217,187,-0.004482675066634356
2020-08-18,8130,8145,7872,7878,103,-0.04125593282219786
2020-08-19,7980,8004,7905,8005,59,0.016120842853516226
2020-08-20,7915,7947,7655,7666,62,-0.042348532167395425
2020-08-21,7773,7806,7693,7775,33,0.014218627706757081
2020-08-24,7768,7839,7750,7841,85,0.00848874598070748
2020-08-25,7876,8017,7876,8019,46,0.022701186073204926
2020-08-26,7989,7989,7872,7958,49,-0.007606933532859461
2020-08-27,7919,7919,7834,7841,39,-0.014702186479014778
2020-08-28,7848,7942,7843,7868,322,0.0034434383369468247
2020-08-31,7868,8055,7868,7982,113,0.014489069649211928
2020-09-01,7989,8055,7957,8057,46,0.009396141317965512
2020-09-02,8059,8074,8022,8075,172,0.0022340821645774334
2020-09-03,8163,8182,8116,8170,43,0.0117647058823529
2020-09-04,7999,8121,7999,8123,42,-0.00575275397796815
2020-09-07,8126,8219,8126,8212,81,0.010956543149082787
2020-09-08,8248,8248,8163,8175,38,-0.004505601558694616
2020-09-09,8055,8089,8055,8067,63,-0.01321100917431195
2020-09-10,8093,8116,8084,8109,33,0.005206396429899618
2020-09-11,8089,8121,8050,8123,69,0.0017264767542237713
2020-09-14,8150,8229,8150,8231,33,0.013295580450572553
2020-09-15,8153,8187,8140,8188,23,-0.00522415259385256
2020-09-16,8197,8262,8192,8202,54,0.0017098192476794338
2020-09-17,8219,8219,8140,8170,20,-0.0039014874420872925
2020-09-18,8182,8182,8182,8183,18,0.0015911872705018926
2020-09-21,8206,8229,8079,8127,59,-0.006843455945252375
2020-09-22,8069,8069,7881,7883,20,-0.030023378860588146
2020-09-23,7919,7919,7773,7883,44,0.0
2020-09-24,7745,7745,7628,7653,67,-0.029176709374603593
2020-09-25,7674,7693,7646,7680,273,0.003528028224225821
2020-09-28,7726,7811,7726,7770,228,0.01171875
2020-09-29,7952,7952,7863,7920,25,0.019305019305019266
2020-10-05,8027,8050,8012,8052,34,0.016666666666666607
2020-10-06,8017,8074,7994,7995,40,-0.007078986587183311
2020-10-07,8017,8093,8017,8094,44,0.012382739212007499
2020-10-08,8140,8140,8111,8136,29,0.005189028910304039
2020-10-12,8182,8192,8150,8193,16,0.00700589970501464
2020-10-13,8079,8111,8079,8104,428,-0.010862931771024043
2020-10-14,8097,8106,8022,8028,106,-0.009378084896347505
2020-10-15,8017,8017,7952,8010,31,-0.0022421524663677195
2020-10-16,8037,8037,7923,7977,21,-0.0041198501872659055
2020-10-19,8032,8074,8017,8047,23,0.0087752287827505
2020-10-20,7999,8046,7923,8028,44,-0.0023611283708214748
2020-10-21,8012,8111,8012,8113,35,0.010587942202292089
2020-10-22,8102,8121,8059,8123,33,0.001232589670898454
2020-10-23,8130,8150,8093,8151,3,0.003447002339037386
2020-10-26,8130,8130,8017,8028,27,-0.015090172984909778
2020-10-27,7965,7999,7932,7948,96,-0.009965122072745358
2020-10-28,7965,8037,7957,8037,29,0.011197785606441801
2020-10-29,7829,7890,7829,7892,21,-0.018041557795197227
2020-10-30,7885,7885,7853,7854,34,-0.004815002534211854
2020-11-02,7848,7881,7848,7883,48,0.0036923860453272894
2020-11-03,8008,8032,7989,8033,33,0.019028288722567455
2020-11-04,8079,8089,8042,8067,16,0.004232540769326443
2020-11-05,8093,8214,8093,8217,15,0.018594272963927017
2020-11-06,8224,8224,8153,8183,26,-0.004137763173907794
2020-11-09,8299,8371,8295,8358,119,0.021385799828913532
2020-11-10,8403,8460,8361,8438,469,0.009571667863125244
2020-11-11,8506,8591,8488,8593,94,0.01836928182033648
2020-11-12,8558,8573,8521,8560,18,-0.0038403351565227117
2020-11-13,8511,8511,8469,8508,16,-0.006074766355140149
2020-11-16,8531,8620,8531,8621,16,0.013281617301363458
2020-11-17,8643,8662,8596,8626,85,0.0005799791207516947
2020-11-18,8628,8657,8620,8658,27,0.003709714815673504
2020-11-19,8568,8596,8568,8593,17,-0.007507507507507505
2020-11-20,8628,8713,8628,8715,69,0.014197602699872025
2020-11-23,8747,8826,8705,8809,20,0.010786001147446989
2020-11-24,8803,8808,8766,8786,429,-0.0026109660574412663
2020-11-25,8840,8860,8671,8739,54,-0.005349419531072153
2020-11-26,8789,8789,8700,8767,23,0.003204027920814756
2020-11-27,8761,8803,8747,8804,2679,0.004220371848979054
2020-11-30,8826,8826,8710,8710,44,-0.010676965015901874
2020-12-01,8784,8822,8769,8823,36,0.012973593570608566
2020-12-02,8826,8887,8826,8889,69,0.007480448826929553
2020-12-03,8897,8911,8855,8912,34,0.0025874676566541854
2020-12-04,8916,8944,8902,8945,35,0.003702872531418322
2020-12-07,8835,8855,8779,8828,111,-0.013079932923420912
2020-12-08,8882,8897,8798,8814,39,-0.0015858631626642916
2020-12-09,8864,8954,8864,8955,34,0.015997277059224047
2020-12-10,8930,9014,8911,9002,249,0.005248464544946874
2020-12-11,8967,9127,8967,9120,67,0.01310819817818265
2020-12-14,9127,9127,9076,9086,571,-0.003728070175438636
2020-12-15,9081,9081,9014,9049,41,-0.004072198987453257
2020-12-16,9034,9123,9034,9101,248,0.005746491325008263
2020-12-17,9156,9174,9076,9176,74,0.008240852653554454
2020-12-18,9236,9259,9189,9256,58,0.008718395815169977
2020-12-21,9296,9311,9208,9313,47,0.006158167675021531
2020-12-22,9283,9283,9085,9096,215,-0.023300762375174533
2020-12-23,9189,9198,9066,9110,75,0.0015391380826736967
2020-12-24,9137,9194,9137,9194,33,0.009220636663007653
2020-12-28,9212,9212,9151,9189,56,-0.0005438329345225368
2020-12-29,9198,9363,9198,9363,3344,0.018935683969964145
2020-12-30,9363,9513,9363,9515,139,0.01623411299797084
2021-01-04,9508,9664,9490,9665,71,0.01576458223857058
2021-01-05,9697,9842,9607,9844,142,0.018520434557682375
2021-01-06,9889,9922,9767,9811,426,-0.003352295814709416
2021-01-07,9951,10058,9913,10023,2986,0.021608398736112422
2021-01-08,10106,10163,10058,10164,366,0.01406764441783892
2021-01-11,10115,10139,9837,9999,138,-0.016233766233766267
2021-01-12,9894,10016,9744,9862,333,-0.013701370137013669
2021-01-13,10073,10106,9994,10083,44,0.022409247617116268
2021-01-14,10106,10176,10073,10178,59,0.00942179906773788
2021-01-15,10209,10251,10049,10051,100,-0.012477893495775216
2021-01-18,9917,9969,9814,9830,106,-0.021987861904288142
2021-01-19,9959,10073,9959,10074,34,0.02482197355035609
2021-01-20,10073,10082,9946,10083,57,0.0008933889219773228
2021-01-21,10158,10280,10158,10276,219,0.019141128632351512
2021-01-22,10360,10449,10360,10365,72,0.00866095757103924
2021-01-25,10473,10562,10473,10563,64,0.019102749638205463
2021-01-26,10557,10557,10379,10408,874,-0.014673861592350623
2021-01-27,10444,10500,10350,10380,39,-0.0026902382782475476
2021-01-28,10204,10266,10101,10178,69,-0.019460500963391136
2021-01-29,10223,10223,9753,9835,58,-0.033700137551581855
2021-02-01,9758,10124,9758,10126,84,0.029588205388917155
2021-02-02,10139,10345,10078,10178,249,0.005135295279478536
2021-02-03,10318,10350,10176,10348,205,0.01670269208095898
2021-02-04,10370,10370,10209,10296,80,-0.005025125628140725
2021-02-05,10340,10379,10271,10380,123,0.008158508158508049
2021-02-08,10355,10482,10355,10417,58,0.0035645472061656136
2021-02-09,10458,10458,10392,10394,47,-0.002207929346260906
2021-02-10,10379,10524,10340,10507,51,0.010871656725033763
2021-02-15,10553,10567,10500,10554,517,0.004473208337298917
2021-02-16,10553,10553,10482,10554,55,0.0
2021-02-17,10492,10538,10492,10521,26,-0.003126776577600965
2021-02-18,10562,10562,10430,10432,140,-0.008459271932325874
2021-02-19,10449,10458,10214,10460,34,0.0026840490797546135
2021-02-22,10505,10553,10402,10413,79,-0.004493307839388172
2021-02-23,10298,10416,10276,10399,37,-0.001344473254585643
2021-02-24,10387,10387,9989,9989,36,-0.03942686796807382
2021-02-25,10134,10256,10106,10258,68,0.026929622584843438
2021-02-26,9979,10139,9979,10140,220,-0.011503217001364807
2021-03-02,10303,10303,10096,10164,156,0.002366863905325367
2021-03-03,10181,10313,10171,10313,35,0.01465958284140112
2021-03-04,10233,10261,10139,10244,20,-0.006690584698923696
2021-03-05,10011,10181,9989,10140,236,-0.010152284263959421
2021-03-08,10158,10209,10026,10026,177,-0.011242603550295827
2021-03-09,10036,10078,9871,9976,34,-0.004987033712347877
2021-03-10,10021,10045,9894,9895,20,-0.008119486768243811
2021-03-11,10036,10129,9979,10121,26,0.022839818089944508
2021-03-12,10233,10266,10163,10267,25,0.014425452030431885
2021-03-15,10355,10355,10242,10286,18,0.0018505892665823254
2021-03-16,10228,10340,10228,10338,81,0.005055415127357632
2021-03-17,10303,10350,10276,10352,21,0.0013542271232347414
2021-03-18,10350,10444,10350,10399,25,0.004540185471406444
2021-03-19,10328,10345,10271,10338,11,-0.005865948648908548
2021-03-22,10449,10449,10313,10375,20,0.0035790288256916103
2021-03-23,10492,10492,10242,10244,92,-0.012626506024096429
2021-03-24,10120,10242,10120,10211,67,-0.0032213978914487074
2021-03-25,10139,10293,10139,10267,74,0.005484281657036627
2021-03-26,10421,10477,10374,10474,455,0.0201616830622382
2021-03-29,10576,10576,10458,10502,375,0.002673286232576011
2021-03-30,10580,10580,10492,10530,71,0.0026661588268901415
2021-03-31,10595,10595,10538,10549,14,0.001804368471035156
2021-04-01,10482,10524,10449,10526,46,-0.0021803014503744
2021-04-02,10463,10520,10430,10521,286,-0.0004750142504275079
2021-04-05,10440,10567,10440,10568,49,0.004467255964262007
2021-04-06,10647,10647,10524,10558,21,-0.0009462528387584879
2021-04-07,10463,10567,10463,10540,341,-0.0017048683462776992
2021-04-08,10520,10674,10520,10620,71,0.007590132827324458
2021-04-09,10755,10755,10674,10714,57,0.008851224105461464
2021-04-12,10610,10726,10610,10686,51,-0.0026134030240806405
2021-04-13,10826,10826,10750,10812,1318,0.011791128579449639
2021-04-14,10731,10839,10731,10831,75,0.0017573066962635053
2021-04-15,10783,10919,10783,10869,325,0.0035084479734097673
2021-04-16,10849,10914,10849,10892,150,0.002116110037722052
2021-04-19,11003,11003,10914,10991,84,0.009089239809034089
2021-04-20,11013,11126,11003,11128,1192,0.012464743881357432
2021-04-21,10999,11089,10929,10969,61,-0.01428828181164632
2021-04-22,10981,11103,10981,11104,123,0.012307411796882217
2021-04-23,11121,11131,10971,11067,48,-0.00333213256484155
2021-04-26,11065,11192,11065,11194,147,0.011475557965121563
2021-04-27,11320,11320,11145,11268,99,0.006610684295158098
2021-04-28,11347,11347,11136,11170,54,-0.008697195598154073
2021-04-29,11069,11232,11016,11094,114,-0.006803939122649982
2021-04-30,11088,11217,11044,11094,1327,0.0
2021-05-03,10973,11054,10844,10845,233,-0.022444564629529484
2021-05-04,10758,10910,10666,10831,84,-0.001290917473490083
2021-05-06,10744,11064,10744,11060,129,0.021143015418705557
2021-05-07,11092,11270,11092,11222,41,0.014647377938517225
2021-05-10,11255,11518,11255,11510,98,0.025663874532168895
2021-05-11,11418,11566,11408,11543,262,0.0028670721112076247
2021-05-12,11475,11523,11245,11371,55,-0.014900805683097929
2021-05-13,11370,11418,11255,11361,57,-0.0008794301292762707
2021-05-14,11288,11351,11265,11323,151,-0.0033447759880291805
2021-05-17,11341,11341,11179,11252,79,-0.006270423032765149
2021-05-18,11361,11418,11313,11419,564,0.014841805901173233
2021-05-20,11327,11366,11280,11366,128,-0.004641387161748001
2021-05-21,11370,11370,11169,11237,82,-0.011349639275030743
2021-05-24,11232,11280,11159,11209,124,-0.0024917682655513085
2021-05-25,11217,11366,11217,11338,255,0.01150860915335894
2021-05-26,11303,11447,11303,11447,365,0.009613688481213689
2021-05-27,11456,11494,11404,11462,145,0.0013103870009609775
2021-05-28,11447,11575,11423,11510,282,0.00418775082882572
2021-05-31,11643,11643,11514,11625,462,0.009991311902693312
2021-06-01,11557,11700,11557,11635,344,0.0008602150537635467
2021-06-02,11753,11781,11666,11759,282,0.010657498925655373
2021-06-03,11820,11820,11657,11711,18939,-0.004081979760183652
2021-06-04,11729,11734,11671,11711,542126,0.0
2021-06-07,11834,11834,11709,11802,22634,0.0077704722056186615
2021-06-08,11801,11810,11748,11749,155326,-0.004490764277241155
2021-06-09,11757,11762,11653,11653,85787,-0.00817090816239685
2021-06-10,11600,11719,11600,11638,50,-0.0012872221745473533
2021-06-11,11743,11748,11705,11749,28,0.009537721257948162
2021-06-14,11729,11729,11643,11673,134,-0.0064686356285641455
2021-06-15,11709,11724,11648,11725,132,0.0044547245780861555
2021-06-16,11762,11805,11739,11787,116,0.005287846481876413
2021-06-17,11643,11734,11643,11696,85,-0.007720369899041346
2021-06-18,11810,11810,11643,11763,112,0.005728454172366559
2021-06-21,11734,11734,11523,11572,133,-0.016237354416390404
2021-06-22,11590,11743,11590,11744,259,0.014863463532664989
2021-06-23,11805,11805,11638,11686,134,-0.004938692098092612
2021-06-24,11709,11709,11623,11691,1202649,0.00042786239945225013
2021-06-25,11709,11834,11709,11806,858,0.00983662646480199
2021-06-28,11805,11805,11753,11782,21,-0.0020328646450956667
2021-06-29,11729,11805,11729,11778,40,-0.00033950093362755673
2021-06-30,11887,11887,11753,11844,75,0.005603667855323513
2021-07-01,11897,11897,11767,11802,83,-0.0035460992907800915
2021-07-02,11801,11872,11801,11840,91,0.0032197932553803543
2021-07-05,11858,11858,11810,11821,535,-0.0016047297297296925
2021-07-06,11772,11897,11772,11821,135,0.0
2021-07-07,11709,11767,11709,11725,118,-0.008121140343456568
2021-07-08,11781,11791,11610,11625,94,-0.008528784648187626
2021-07-09,11532,11532,11351,11476,418,-0.012817204301075247
2021-07-12,11461,11614,11461,11557,55,0.007058208434994828
2021-07-13,11580,11700,11580,11663,43,0.009171930431773001
2021-07-14,11562,11700,11562,11668,71,0.00042870616479473433
2021-07-15,11643,11772,11643,11773,108,0.008998971546108958
2021-07-16,11849,11849,11681,11787,70,0.0011891616410431016
2021-07-19,11739,11739,11633,11668,130,-0.01009586832951559
2021-07-20,11566,11614,11537,11595,140,-0.006256427836818679
2021-07-21,11575,11657,11562,11562,192,-0.002846054333764503
2021-07-22,11590,11709,11590,11678,232,0.010032866286109776
2021-07-23,11786,11786,11638,11749,67,0.0060798081863333575
2021-07-26,11671,11686,11590,11591,43,-0.01344795301727808
2021-07-27,11757,11757,11643,11658,252,0.005780346820809301
2021-07-28,11696,11714,11575,11648,235,-0.000857780065191327
2021-07-29,11757,11757,11676,11716,63,0.005837912087912178
2021-07-30,11643,11666,11523,11577,3603,-0.011864117446227396
2021-08-02,11595,11595,11480,11548,76,-0.0025049667444070334
2021-08-03,11653,11653,11456,11548,21,0.0
2021-08-04,11585,11714,11528,11716,54,0.014547973675095305
2021-08-05,11757,11757,11700,11716,358,0.0
2021-08-06,11805,11805,11648,11691,57,-0.002133834073062446
2021-08-09,11700,11700,11547,11600,23,-0.007783765289538946
2021-08-10,11499,11547,11485,11519,33,-0.006982758620689644
2021-08-11,11643,11643,11537,11557,109,0.0032988974737391263
2021-08-12,11623,11623,11547,11572,23,0.001297914683741519
2021-08-13,11509,11528,11331,11386,34,-0.016073280331835416
2021-08-17,11327,11432,11207,11222,184,-0.014403653609696088
2021-08-18,11102,11331,11102,11318,86,0.008554624844056224
2021-08-19,11260,11260,10953,10960,26,-0.03163103021735292
2021-08-20,10906,10988,10714,10744,394,-0.019708029197080257
2021-08-23,10958,11031,10815,10955,11547,0.019638868205509974
2021-08-24,11126,11232,11126,11222,192,0.02437243267914191
2021-08-25,11280,11280,11227,11280,11522,0.005168419176617256
2021-08-26,11184,11270,11174,11194,20,-0.00762411347517733
2021-08-27,11092,11303,11092,11265,21,0.0063426835804896164
2021-08-30,11323,11384,11323,11347,20,0.007279183311140747
2021-08-31,11456,11509,11331,11510,284,0.014365030404512202
2021-09-01,11470,11566,11470,11543,546,0.0028670721112076247
2021-09-02,11423,11514,11423,11433,23,-0.00952958502988821
2021-09-03,11528,11571,11509,11529,53,0.008396746260823873
2021-09-06,11490,11595,11480,11553,555,0.002081706999739863
2021-09-07,11494,11605,11494,11562,468,0.0007790184367697517
2021-09-08,11494,11605,11494,11557,12,-0.00043245113302192717
2021-09-09,11456,11470,11394,11404,35,-0.01323872977416285
2021-09-10,11494,11514,11389,11514,27,0.009645738337425547
2021-09-13,11537,11552,11466,11534,77,0.0017370158068439334
2021-09-14,11475,11676,11475,11577,82,0.0037281082018381095
2021-09-15,11575,11628,11552,11591,33,0.0012092942904033954
2021-09-16,11590,11633,11557,11567,382,-0.002070571995513748
2021-09-17,11614,11614,11514,11562,25,-0.00043226419987896225
2021-09-23,11341,11504,11341,11457,148,-0.009081473793461359
2021-09-24,11590,11590,11423,11443,31,-0.0012219603735706963
2021-09-27,11480,11528,11423,11467,30,0.002097352092982563
2021-09-28,11456,11485,11408,11419,28,-0.004185924827766585
2021-09-29,11217,11298,11131,11242,150,-0.01550048165338469
2021-09-30,11255,11331,11255,11318,42,0.006760362924746577
2021-10-01,11136,11202,11049,11051,23,-0.02359074041350062
2021-10-05,10902,11044,10854,10988,21,-0.005700841552800706
2021-10-06,11155,11155,10767,10768,45,-0.020021842009464885
2021-10-07,10925,10988,10872,10988,34,0.020430906389301562
2021-10-08,10892,10953,10872,10902,42,-0.007826720058245362
2021-10-12,10854,10863,10777,10845,23,-0.005228398458998362
2021-10-13,10858,11011,10849,10978,26,0.012263715998155789
2021-10-14,11150,11174,11107,11175,23,0.017944980870832516
2021-10-15,11298,11298,11227,11285,385,0.009843400447427264
2021-10-18,11280,11283,11179,11257,115,-0.0024811696942844685
2021-10-19,11346,11346,11222,11242,23,-0.0013325042195967418
2021-10-20,11270,11323,11164,11175,186,-0.0059597936310265
2021-10-21,11202,11241,11184,11184,126,0.0008053691275167196
2021-10-22,11074,11169,11074,11094,111,-0.008047210300429208
2021-10-25,11021,11202,11021,11204,20,0.009915269515053282
2021-10-26,11207,11288,11207,11257,32,0.004730453409496516
2021-10-27,11217,11241,11164,11175,29,-0.007284356400461989
2021-10-28,11184,11184,11016,11017,74,-0.014138702460850139
2021-10-29,11126,11126,10906,10931,115,-0.007806117817917735
2021-11-01,10930,10963,10930,10931,25,0.0
2021-11-02,11031,11112,11026,11065,20,0.012258713749885741
2021-11-03,11155,11155,10915,10950,48,-0.010393131495707197
2021-11-04,11031,11040,10925,10945,20,-0.0004566210045662267
2021-11-05,11069,11069,10810,10888,42,-0.005207857469163968
2021-11-08,10910,10945,10810,10926,94,0.0034900808229243463
2021-11-09,10973,10973,10854,10902,28,-0.0021965952773201902
2021-11-10,10806,10825,10691,10706,32,-0.017978352595854008
2021-11-11,10552,10648,10552,10587,42,-0.011115262469643228
2021-11-12,10686,10825,10671,10826,122,0.022574855955417084
2021-11-15,10815,10897,10815,10897,52,0.006558285608719849
2021-11-16,10791,10920,10791,10902,117,0.00045884188308709106
2021-11-17,10863,10863,10719,10730,20,-0.0157769216657494
2021-11-18,10666,10782,10653,10673,19,-0.00531220876048466
2021-11-19,10590,10701,10590,10701,230,0.0026234423311159993
2021-11-22,10724,10758,10662,10759,20,0.005420054200542035
2021-11-23,10753,10753,10691,10691,25,-0.006320289989775962
2021-11-24,10671,10681,10628,10673,11,-0.0016836591525581923
2021-11-25,10571,10590,10523,10524,21,-0.01396046097629533
2021-11-26,10452,10499,10336,10338,25,-0.01767388825541616
2021-11-29,10040,10270,10040,10156,31,-0.01760495260205064
2021-11-30,10336,10336,9863,9922,47,-0.023040567152422198
2021-12-01,9877,10040,9877,10041,20,0.011993549687562943
2021-12-02,9887,10207,9887,10199,330,0.015735484513494713
2021-12-03,10174,10389,10174,10366,235,0.016374154328855806
2021-12-06,10293,10480,10260,10404,23,0.0036658306000385554
2021-12-07,10413,10557,10413,10519,28,0.011053440984236884
2021-12-08,10567,10666,10514,10534,61,0.001425991063789267
2021-12-09,10658,10662,10523,10663,56,0.012246060375925572
2021-12-10,10552,10600,10552,10572,23,-0.008534183625621306
2021-12-13,10600,10714,10557,10558,126,-0.0013242527430950002
2021-12-14,10471,10562,10466,10496,21,-0.005872324303845433
2021-12-15,10428,10509,10428,10472,10,-0.0022865853658536883
2021-12-16,10519,10537,10519,10539,11,0.006398013750954945
2021-12-17,10567,10658,10567,10658,10,0.011291393870386246
2021-12-20,10662,10662,10461,10472,21,-0.01745167948958526
2021-12-21,10533,10533,10437,10486,10,0.0013368983957218195
2021-12-22,10509,10509,10466,10481,10,-0.0004768262445165039
2021-12-23,10576,10576,10471,10472,1367,-0.000858696689247207
2021-12-24,10600,10600,10542,10582,21,0.010504201680672232
2021-12-27,10658,10658,10537,10562,95,-0.00189000189000188
2021-12-28,10643,10643,10528,10620,46,0.005491384207536365
2021-12-29,10810,10810,10724,10735,230,0.010828625235404843
2021-12-30,10686,10705,10643,10668,23,-0.006241266884024266
2022-01-03,10753,10753,10648,10691,29,0.0021559805024371492
2022-01-04,10782,10782,10633,10744,23,0.004957440838088134
2022-01-05,10796,10796,10638,10653,27,-0.008469843633655993
2022-01-06,10619,10658,10542,10544,42,-0.010231859570074109
2022-01-07,10638,10671,10600,10663,20,0.011286039453717756
2022-01-10,10734,10734,10562,10605,23,-0.005439369783363013
2022-01-11,10643,10643,10499,10510,31,-0.008958038661008971
2022-01-12,10615,10691,10615,10691,230,0.017221693625118828
2022-01-13,10786,10786,10686,10701,39,0.0009353661958657611
2022-01-14,10701,10701,10533,10558,231,-0.013363237080646684
2022-01-17,10523,10523,10375,10404,52,-0.014586095851487069
2022-01-18,10471,10471,10245,10257,144,-0.014129181084198361
2022-01-19,10222,10336,10193,10218,60,-0.0038022813688213253
2022-01-20,10280,10303,10217,10280,170,0.006067723624975541
2022-01-21,10293,10293,10155,10199,30,-0.007879377431906587
2022-01-24,10212,10212,9993,10013,36,-0.018237082066869248
2022-01-25,10074,10074,9691,9721,33,-0.029162089283930936
2022-01-26,9767,9811,9706,9706,30,-0.001543051126427275
2022-01-27,9763,9763,9333,9333,53,-0.03842983721409432
2022-01-28,9428,9628,9313,9630,100,0.03182256509161041
2022-02-03,9834,9882,9772,9802,271,0.01786085150571126
2022-02-04,9839,9997,9806,9993,55,0.019485819220567135
2022-02-07,10088,10088,9897,10003,95,0.001000700490343176
2022-02-08,10112,10112,9930,9993,45,-0.0009997000899729658
2022-02-09,10112,10145,10059,10146,20,0.015310717502251547
2022-02-10,10179,10193,10126,10146,41,0.0
2022-02-11,10136,10136,10021,10022,42,-0.012221565148827107
2022-02-14,9950,9950,9806,9869,62,-0.015266413889443275
2022-02-15,9915,9915,9706,9740,26,-0.013071233154321571
2022-02-16,9930,9973,9887,9960,118,0.022587268993839782
2022-02-17,10054,10121,9882,10013,28,0.005321285140562182
2022-02-18,9958,10079,9935,10079,20,0.006591431139518544
2022-02-21,10011,10107,9954,10108,38,0.0028772695703938034
2022-02-22,10016,10016,9920,9975,76,-0.013157894736842146
2022-02-23,10097,10117,10011,10089,29,0.011428571428571344
2022-02-24,10069,10069,9830,9879,37,-0.020814748736247446
2022-02-25,10059,10059,9978,10026,29,0.014880048587913697
2022-02-28,10107,10155,10036,10156,29,0.012966287652104613
2022-03-02,10203,10222,10155,10180,233,0.0023631350925561456
2022-03-03,10313,10313,10255,10313,20,0.013064833005894005
2022-03-04,10356,10356,10232,10300,27,-0.0012605449432754323
2022-03-07,10288,10288,10069,10099,28,-0.019514563106796112
2022-03-08,10040,10059,9940,9940,88,-0.015744133082483458
2022-03-10,10121,10131,10083,10132,14,0.019315895372233438
2022-03-11,10203,10217,10141,10218,125,0.008487958941965967
2022-03-14,10270,10270,10088,10118,23,-0.009786651008025005
2022-03-15,10040,10088,10016,10026,16,-0.009092706068392964
2022-03-16,10179,10179,10083,10175,123,0.014861360462796736
2022-03-17,10346,10346,10237,10237,528,0.006093366093366193
2022-03-18,10313,10313,10227,10300,528,0.006154146722672671
2022-03-21,10384,10384,10241,10252,206,-0.004660194174757271
2022-03-22,10308,10346,10303,10348,29,0.009364026531408554
2022-03-23,10466,10466,10346,10414,27,0.0063780440664862326
2022-03-24,10423,10437,10336,10438,20,0.0023045899750335774
2022-03-25,10519,10519,10389,10409,25,-0.0027783100210768685
2022-03-28,10456,10456,10351,10438,26,0.0027860505331924745
2022-03-29,10485,10485,10418,10434,27,-0.00038321517532091676
2022-03-30,10480,10509,10432,10457,29,0.002204331991566111
2022-03-31,10533,10557,10499,10558,37,0.009658601893468566
2022-04-01,10590,10590,10475,10524,33,-0.00322030687630237
2022-04-04,10504,10576,10504,10577,34,0.0050361079437475365
2022-04-05,10552,10585,10542,10587,35,0.0009454476694714664
2022-04-06,10580,10580,10499,10534,53,-0.005006139605176152
2022-04-07,10528,10528,10371,10381,983,-0.014524397190051275
2022-04-08,10413,10418,10341,10419,21,0.0036605336672768107
2022-04-11,10456,10466,10370,10414,45,-0.00047989250407909356
2022-04-12,10418,10418,10285,10352,45,-0.0059535241021702046
2022-04-13,10404,10509,10389,10510,39,0.015262751159196286
2022-04-14,10528,10562,10509,10548,25,0.0036156041864889854
2022-04-15,10595,10595,10471,10519,20,-0.0027493363670838544
2022-04-18,10562,10562,10471,10515,176,-0.00038026428367710086
2022-04-19,10610,10610,10552,10605,26,0.008559201141226769
2022-04-20,10671,10671,10562,10620,31,0.0014144271570013522
2022-04-21,10619,10691,10619,10683,30,0.0059322033898305815
2022-04-22,10671,10671,10557,10615,28,-0.006365253206028321
2022-04-25,10552,10552,10409,10409,29,-0.019406500235515822
2022-04-26,10447,10475,10437,10457,29,0.004611393985973766
2022-04-27,10288,10371,10245,10371,54,-0.008224156067705879
2022-04-28,10478,10508,10336,10508,152,0.013209912255327305
2022-04-29,10591,10591,10498,10543,44,0.0033307955843167036
2022-05-02,10498,10547,10474,10547,22,0.00037939865313485477
2022-05-03,10596,10596,10474,10479,37,-0.0064473309945956014
2022-05-04,10567,10567,10434,10459,54,-0.0019085790628876609
2022-05-06,10351,10395,10336,10386,52,-0.006979634764317844
2022-05-09,10400,10400,10150,10205,63,-0.017427305988831132
2022-05-10,10121,10145,9940,10146,23,-0.005781479666829958
2022-05-11,10155,10155,10057,10092,30,-0.0053222945002956434
2022-05-12,10062,10106,9901,9979,40,-0.011196987713040008
2022-05-13,10052,10141,10038,10141,38,0.016234091592344013
2022-05-16,10141,10155,10101,10136,53,-0.0004930480228774181
2022-05-17,10048,10194,10048,10151,40,0.0014798737174428478
2022-05-18,10150,10185,10096,10107,45,-0.004334548320362508
2022-05-19,9866,9979,9866,9935,938,-0.01701790838033046
2022-05-20,9925,10131,9925,10112,25,0.01781580271766492
2022-05-23,10101,10170,10101,10151,50,0.0038568037974684444
2022-05-24,10082,10165,10018,10019,29,-0.013003644961087524
2022-05-25,10023,10175,10023,10102,60,0.008284259906178315
2022-05-26,10101,10190,10101,10121,29,0.0018808156800633746
2022-05-27,10175,10248,10175,10229,26,0.010670882323881026
2022-05-30,10263,10385,10263,10337,27,0.010558216834490208
2022-05-31,10322,10405,10322,10401,21,0.006191351455935079
2022-06-02,10322,10332,10292,10308,21,-0.008941447937698244
2022-06-03,10322,10385,10322,10386,21,0.0075669383003491575
2022-06-07,10351,10371,10263,10268,30,-0.011361448103215821
2022-06-08,10283,10317,10263,10273,39,0.0004869497467860917
2022-06-09,10224,10278,10199,10259,20,-0.0013627956779908024
2022-06-10,10194,10238,10180,10239,12,-0.0019495077492932555
2022-06-13,9969,10038,9793,9793,136,-0.04355894130286164
2022-06-14,9582,9773,9582,9710,105254,-0.008475441641989212
2022-06-15,9612,9656,9470,9504,29,-0.02121524201853764
2022-06-16,9573,9685,9480,9480,31,-0.002525252525252486
2022-06-17,9215,9494,9215,9451,150,-0.003059071729957785
2022-06-20,9455,9455,9171,9240,33,-0.022325679822240985
2022-06-21,9240,9396,9240,9343,75,0.011147186147186128
2022-06-22,9342,9342,9044,9044,31,-0.03200256876806162
2022-06-23,8985,9093,8877,8878,137,-0.01835471030517466
2022-06-24,8809,9132,8809,9113,106,0.026469925658932247
2022-06-27,9161,9333,9107,9269,21,0.017118402282453538
2022-06-28,9269,9342,9254,9343,44,0.007983601251483341
2022-06-29,9195,9308,9195,9274,20,-0.007385208177244973
2022-06-30,9274,9279,9132,9132,472,-0.015311623894759596
2022-07-01,9293,9293,9049,9118,31,-0.0015330705212439621
2022-07-04,9063,9098,8892,9000,41,-0.012941434525115203
2022-07-05,9009,9161,9009,9162,20,0.018000000000000016
2022-07-06,9058,9073,8907,8907,63,-0.027832351015062207
2022-07-07,9019,9078,8990,9059,23,0.017065229594700693
2022-07-08,9044,9151,9044,9059,31,0.0
2022-07-11,9166,9166,8990,9000,23,-0.00651286013908825
2022-07-12,8907,8907,8779,8829,31,-0.019000000000000017
2022-07-13,8936,8956,8867,8932,21,0.011666100351115594
2022-07-14,8941,8960,8858,8902,22,-0.0033587102552620207
2022-07-15,8980,8980,8706,8824,31,-0.008762075937991498
2022-07-18,8951,8990,8877,8990,26,0.018812330009066125
2022-07-19,8985,9029,8985,9030,22,0.004449388209121219
2022-07-20,9200,9200,9088,9118,88,0.009745293466223659
2022-07-21,9186,9186,9073,9142,155,0.0026321561745996647
2022-07-22,9122,9191,9088,9123,105627,-0.002078319842485188
2022-07-25,9102,9171,9102,9172,21,0.005371040227995172
2022-07-26,9161,9205,9161,9201,27,0.003161796772786829
2022-07-27,9210,9230,9137,9220,130,0.0020649929355505137
2022-07-28,9333,9333,9215,9255,26,0.003796095444685399
2022-07-29,9328,9386,9328,9387,21,0.014262560777957844
2022-08-01,9396,9435,9382,9392,44,0.0005326515393628828
2022-08-02,9347,9367,9289,9318,180,-0.007879045996592837
2022-08-03,9323,9377,9293,9377,26,0.006331830864992449
2022-08-04,9445,9445,9382,9407,37,0.0031993174789377576
2022-08-05,9455,9514,9455,9495,54,0.009354735835016559
2022-08-08,9475,9553,9470,9553,23,0.006108478146392926
2022-08-09,9626,9626,9543,9617,232,0.0066994661362922425
2022-08-10,9602,9612,9568,9568,125,-0.005095144015805353
2022-08-11,9670,9719,9656,9720,21,0.015886287625417994
2022-08-12,9724,9759,9724,9759,21,0.00401234567901243
2022-08-16,9764,9764,9744,9744,21,-0.0015370427297879408
2022-08-17,9808,9808,9705,9715,20,-0.0029761904761904656
2022-08-18,9661,9690,9612,9666,77,-0.005043746783324754
2022-08-19,9675,9675,9626,9627,35,-0.004034761018001265
2022-08-22,9533,9568,9465,9519,72,-0.011218448114677426
2022-08-23,9455,9484,9421,9421,172,-0.010295199075533112
2022-08-24,9494,9519,9435,9514,21,0.009871563528287775
2022-08-25,9528,9612,9528,9602,49,0.009249527012823222
2022-08-26,9622,9666,9597,9607,22,0.0005207248489897953
2022-08-29,9342,9435,9342,9416,32,-0.01988133652545021
2022-08-30,9524,9543,9504,9539,23,0.01306287170773146
2022-08-31,9489,9597,9475,9598,235,0.006185134710137374
2022-09-01,9499,9499,9347,9348,31,-0.02604709314440512
2022-09-02,9347,9396,9313,9323,21,-0.0026743688489516693
2022-09-05,9284,9372,9269,9304,54,-0.002037970610318518
2022-09-06,9313,9377,9313,9348,22,0.004729148753224388
2022-09-07,9284,9284,9166,9191,34,-0.016795036371416328
2022-09-08,9254,9254,9205,9235,20,0.004787291916004799
2022-09-13,9396,9445,9382,9441,26,0.022306442880346555
2022-09-14,9244,9279,9195,9260,22,-0.0191716979133566
2022-09-15,9289,9323,9264,9265,21,0.0005399568034556435
2022-09-16,9200,9240,9147,9172,1109,-0.01003777657852134
2022-09-19,9132,9132,9034,9039,75,-0.01450065416484958
2022-09-20,9122,9176,9122,9157,30,0.013054541431574362
2022-09-21,9147,9151,9088,9093,29,-0.006989188598886087
2022-09-22,8990,9044,8960,9039,212,-0.00593863411415374
2022-09-23,9039,9039,8828,8834,29,-0.0226794999446841
2022-09-26,8740,8740,8500,8510,183,-0.03667647724700018
2022-09-27,8525,8554,8446,8555,22,0.00528789659224449
2022-09-28,8461,8530,8275,8329,25,-0.026417299824663898
2022-09-29,8417,8495,8324,8329,25,0.0
2022-09-30,8255,8324,8226,8226,22,-0.012366430543882867
2022-10-04,8304,8437,8304,8408,23,0.022124969608558143
2022-10-05,8520,8520,8314,8334,54,-0.008801141769743115
2022-10-06,8353,8441,8353,8413,21,0.009479241660667048
2022-10-07,8334,8432,8334,8398,20,-0.0017829549506716003
2022-10-11,8290,8290,8108,8138,22,-0.03095975232198145
2022-10-12,8128,8192,8074,8192,53,0.006635536986974611
2022-10-13,8148,8148,7986,7987,36,-0.0250244140625
2022-10-14,8089,8260,8089,8231,21,0.03054964317015152
2022-10-17,8118,8231,8084,8231,20,0.0
2022-10-18,8373,8446,8329,8447,104,0.026242254890049832
2022-10-19,8471,8520,8388,8388,21,-0.006984728305907462
2022-10-20,8427,8427,8285,8339,20,-0.005841678588459742
2022-10-21,8368,8368,8236,8256,41,-0.009953231802374396
2022-10-24,8378,8437,8285,8305,20,0.005935077519379828
2022-10-25,8304,8304,8211,8236,20,-0.0083082480433474
2022-10-26,8246,8250,8197,8197,1108,-0.004735308402136984
2022-10-27,8358,8407,8319,8408,35,0.02574112480175672
2022-10-28,8383,8471,8383,8427,21,0.0022597526165557547
2022-10-31,8432,8432,8334,8398,35,-0.0034413195680550457
2022-11-01,8412,8579,8412,8550,42,0.018099547511312153
2022-11-02,8534,8618,8520,8603,25,0.006198830409356759
2022-11-03,8412,8554,8412,8510,21,-0.010810182494478626
2022-11-04,8485,8627,8481,8628,57,0.0138660399529964
2022-11-07,8681,8755,8681,8750,21,0.014140009272137322
2022-11-08,8784,8823,8740,8819,20,0.007885714285714274
2022-11-09,8867,8941,8863,8917,44,0.011112371017122147
2022-11-10,8863,8941,8863,8868,28,-0.005495121677694281
2022-11-11,9117,9122,9053,9123,21,0.028755074424898552
2022-11-14,9161,9244,9161,9201,30,0.008549819138441217
2022-11-15,9244,9264,9215,9265,22,0.006955765677643777
2022-11-16,9308,9308,9151,9255,29,-0.0010793308148947522
2022-11-17,9244,9244,9161,9162,40,-0.010048622366288451
2022-11-18,9142,9200,9132,9137,32,-0.0027286618642218263
2022-11-21,9078,9078,8995,9025,35,-0.012257852686877513
2022-11-22,9068,9098,9039,9044,22,0.002105263157894832
2022-11-23,9107,9112,9068,9113,21,0.007629367536488241
2022-11-24,9156,9181,9132,9172,20,0.006474267529902322
2022-11-25,9200,9200,9161,9172,22,0.0
2022-11-28,9102,9102,9034,9074,35,-0.01068469254252069
2022-11-29,9078,9195,9078,9191,23,0.012893982808023008
2022-11-30,9151,9264,9147,9255,27,0.006963333696006879
2022-12-01,9313,9352,9293,9309,23,0.005834683954619058
2022-12-02,9240,9240,9161,9162,29,-0.015791169835642882
2022-12-05,9200,9235,9151,9186,25,0.0026195153896528822
2022-12-06,9127,9176,9068,9083,29,-0.011212715001088558
2022-12-07,9068,9112,9058,9074,23,-0.000990862049983443
2022-12-08,9068,9068,8975,9049,20,-0.0027551245316288497
2022-12-09,9078,9156,9058,9157,21,0.011935020444247879
2022-12-12,9122,9127,9098,9113,2573,-0.004805067161734233
2022-12-13,9142,9142,9093,9137,20,0.002633600351146681
2022-12-14,9186,9215,9176,9216,15337,0.008646163948779595
2022-12-15,9181,9230,9112,9113,15341,-0.01117621527777779
2022-12-16,9024,9107,9024,9088,15363,-0.0027433336991111723
2022-12-19,9044,9093,9044,9069,10231,-0.002090669014084501
2022-12-20,9063,9078,8990,9000,45,-0.007608336089976797
2022-12-21,9068,9078,9000,9059,25,0.006555555555555648
2022-12-22,9151,9186,9107,9186,20,0.014019207418037416
2022-12-23,9098,9098,9044,9044,20,-0.015458306118005694
2022-12-26,9044,9063,8995,9059,21,0.0016585581601060717
2022-12-27,9142,9161,9083,9162,37,0.011369908378408233
2022-12-28,9225,9225,9142,9176,29,0.0015280506439641073
2022-12-29,9205,9205,8965,8990,20,-0.020270270270270285
2023-01-02,8863,8863,8765,8765,20,-0.02502780867630705
2023-01-03,8691,8760,8564,8726,26,-0.00444951511694236
2023-01-04,8623,8789,8623,8775,337,0.005615402246160972
2023-01-05,8755,8872,8755,8824,20,0.005584045584045683
2023-01-06,8696,8931,8696,8888,21,0.0072529465095194645
2023-01-09,8936,9147,8936,9123,32,0.026440144014401534
2023-01-10,9068,9186,9068,9137,123,0.0015345829222843665
2023-01-11,9117,9181,9117,9167,20,0.003283353398270794
2023-01-12,9161,9235,9161,9176,21,0.0009817824806370723
2023-01-13,9181,9323,9181,9269,72,0.010135135135135087
2023-01-16,9269,9386,9269,9338,531,0.007444168734491274
2023-01-17,9445,9445,9323,9338,21,0.0
2023-01-18,9391,9391,9254,9323,31,-0.0016063396872991742
2023-01-19,9333,9352,9313,9348,21,0.0026815402767350616
2023-01-20,9377,9382,9303,9382,32,0.0036371416345741814
2023-01-25,9362,9421,9362,9377,21,-0.0005329354082285187
2023-01-26,9465,9494,9396,9495,61,0.012583982083822054
2023-01-27,9563,9577,9480,9563,31,0.007161664033701998
2023-01-30,9622,9622,9431,9431,197,-0.013803199832688517
2023-01-31,9475,9494,9435,9460,181,0.0030749655391792974
2023-02-01,9460,9489,9440,9485,46,0.0026427061310783095
2023-02-02,9602,9602,9470,9504,22,0.002003162888771781
2023-02-03,9563,9563,9450,9539,568,0.0036826599326600373
2023-02-06,9587,9587,9411,9446,57,-0.009749449627843632
2023-02-07,9352,9435,9352,9407,98,-0.004128731738301972
2023-02-08,9543,9543,9455,9514,135,0.011374508344849543
2023-02-09,9553,9553,9475,9504,20,-0.0010510826150935682
2023-02-10,9406,9460,9391,9436,117,-0.007154882154882136
2023-02-13,9509,9509,9357,9426,27,-0.001059771089444661
2023-02-14,9386,9475,9386,9436,105,0.0010608953957140788
2023-02-15,9445,9445,9293,9304,35,-0.013988978380669814
2023-02-16,9259,9431,9259,9421,21,0.012575236457437633
2023-02-17,9303,9480,9303,9411,27,-0.0010614584439019303
2023-02-20,9519,9519,9401,9500,25,0.009457018382743598
2023-02-21,9568,9573,9509,9553,36,0.005578947368421128
2023-02-22,9396,9435,9372,9377,53,-0.018423531874803722
2023-02-23,9484,9504,9411,9485,27,0.011517542924176283
2023-02-24,9533,9533,9406,9421,20,-0.006747496046389023
2023-02-27,9440,9440,9259,9323,123,-0.01040229275023885
2023-02-28,9396,9396,9323,9348,27,0.0026815402767350616
2023-03-02,9421,9460,9386,9416,58,0.007274283269148585
2023-03-03,9440,9440,9391,9426,62,0.0010620220900594557
2023-03-06,9426,9470,9416,9460,129,0.003607044345427468
2023-03-07,9524,9524,9421,9456,119,-0.00042283298097256505
2023-03-08,9435,9435,9313,9328,26,-0.013536379018612488
2023-03-09,9416,9416,9333,9358,20,0.0032161234991423537
2023-03-10,9337,9337,9186,9201,134,-0.016777089121607136
2023-03-13,9264,9264,9058,9201,227,0.0
2023-03-14,9220,9220,8941,8946,277,-0.02771437887186179
2023-03-15,8970,9093,8970,9030,536,0.009389671361502261
2023-03-16,8911,8960,8892,8941,43,-0.009856035437430744
2023-03-17,9005,9078,9005,9059,27,0.013197628900570413
2023-03-20,9107,9147,9049,9049,20,-0.0011038745998455113
2023-03-21,9147,9147,9088,9113,32,0.007072604707702546
2023-03-22,9215,9215,9102,9113,21,0.0
2023-03-23,9132,9132,9053,9078,20,-0.0038406671787556412
2023-03-24,9127,9127,8995,9049,150,-0.003194536241462931
2023-03-27,9127,9127,8980,9054,122,0.000552547242789192
2023-03-28,9137,9176,9112,9176,32,0.01347470731168543
2023-03-29,9244,9244,9176,9240,27,0.006974716652136115
2023-03-30,9328,9328,9210,9299,26,0.006385281385281383
2023-03-31,9416,9421,9357,9421,62,0.013119690289278507
2023-04-03,9514,9514,9367,9387,56,-0.0036089587092665854
2023-04-04,9435,9494,9435,9490,34,0.010972621710876762
2023-04-05,9558,9558,9470,9490,26,0.0
2023-04-06,9548,9548,9391,9392,25,-0.010326659641728186
2023-04-07,9337,9421,9337,9397,32,0.0005323679727426978
2023-04-10,9411,9440,9377,9426,20,0.003086091305735783
2023-04-11,9499,9558,9431,9558,23,0.01400381922342464
2023-04-12,9636,9646,9592,9646,33,0.009206947060054427
2023-04-13,9690,9695,9597,9695,29,0.005079825834542806
2023-04-14,9700,9803,9700,9779,46,0.008664259927797735
2023-04-17,9857,9857,9749,9803,25,0.0024542386747110623
2023-04-18,9749,9768,9685,9749,1538,-0.005508517800673296
2023-04-19,9857,9857,9832,9837,25,0.0090265668273668
2023-04-20,9817,9827,9759,9779,123,-0.005896106536545709
2023-04-21,9808,9808,9622,9676,64,-0.010532774312301818
2023-04-24,9744,9744,9563,9622,27,-0.005580818520049657
2023-04-25,9685,9685,9499,9539,47,-0.008626065267096195
2023-04-26,9558,9558,9460,9480,21,-0.006185134710137374
2023-04-27,9545,9545,9355,9450,22,-0.0031645569620253333
2023-04-28,9535,9535,9420,9470,22,0.002116402116402183
2023-05-02,9470,9530,9470,9530,137,0.006335797254487963
2023-05-03,9565,9565,9465,9480,20,-0.005246589716684125
2023-05-04,9465,9510,9445,9510,22,0.0031645569620253333
2023-05-08,9595,9615,9560,9580,20,0.007360672975814886
2023-05-09,9650,9650,9520,9565,20,-0.0015657620041753528
2023-05-10,9635,9635,9490,9520,20,-0.004704652378463181
2023-05-11,9605,9605,9550,9550,20,0.0031512605042016695
2023-05-12,9605,9605,9425,9455,23,-0.009947643979057563
2023-05-15,9430,9470,9400,9470,20,0.0015864621893177944
2023-05-16,9535,9535,9405,9420,20,-0.0052798310454065245
2023-05-17,9450,9450,9400,9445,20,0.002653927813163426
2023-05-18,9535,9535,9445,9500,20,0.0058231868713605195
2023-05-19,9580,9580,9490,9545,21,0.00473684210526315
2023-05-22,9625,9650,9610,9635,37,0.009429020429544188
2023-05-23,9680,9680,9645,9665,36,0.0031136481577582753
2023-05-24,9715,9715,9615,9645,20,-0.0020693222969477842
2023-05-25,9675,9675,9535,9545,22,-0.010368066355624705
2023-05-26,9595,9595,9460,9475,22,-0.007333682556312171
2023-05-30,9580,9580,9450,9485,21,0.0010554089709762238
2023-05-31,9530,9530,9450,9465,21,-0.0021085925144965767
2023-06-01,9515,9515,9440,9440,45,-0.002641310089804505
2023-06-02,9535,9540,9475,9540,37,0.010593220338983134
2023-06-05,9660,9660,9620,9650,26,0.011530398322851187
2023-06-07,9745,9745,9655,9665,55,0.0015544041450776813
2023-06-08,9730,9730,9660,9705,31,0.0041386445938955685
2023-06-09,9815,9815,9690,9730,20,0.0025759917568264346
2023-06-12,9815,9815,9630,9660,30,-0.007194244604316502
2023-06-13,9770,9770,9660,9675,20,0.0015527950310558758
2023-06-14,9715,9715,9595,9620,40,-0.00568475452196382
2023-06-15,9700,9700,9545,9565,21,-0.005717255717255676
2023-06-16,9660,9660,9625,9655,21,0.009409304756926362
2023-06-19,9710,9710,9620,9670,62,0.0015535991714137332
2023-06-20,9750,9750,9655,9670,22,0.0
2023-06-21,9730,9730,9575,9590,20,-0.008273009307135482
2023-06-22,9570,9605,9555,9595,29,0.0005213764337852478
2023-06-23,9670,9670,9430,9435,23,-0.016675351745700895
2023-06-26,9415,9480,9415,9455,22,0.002119766825649183
2023-06-27,9515,9515,9425,9475,22,0.0021152829190904665
2023-06-28,9510,9510,9425,9430,22,-0.004749340369393118
2023-06-29,9405,9410,9270,9270,515,-0.016967126193001114
2023-06-30,9345,9415,9285,9415,259,0.015641855447680708
2023-07-03,9510,9510,9460,9495,30,0.00849707912904929
2023-07-04,9550,9550,9400,9410,40,-0.008952080042127442
2023-07-05,9475,9475,9385,9385,20,-0.002656748140276277
2023-07-06,9455,9455,9235,9250,31,-0.014384656366542403
2023-07-07,9140,9165,9110,9165,127,-0.009189189189189206
2023-07-10,9240,9240,9190,9200,25,0.003818876159301654
2023-07-11,9290,9360,9290,9360,41,0.017391304347825987
2023-07-12,9445,9445,9380,9425,20,0.00694444444444442
2023-07-13,9375,9500,9375,9420,502,-0.0005305039787798504
2023-07-14,9565,9565,9480,9560,1092,0.014861995753715496
2023-07-17,9600,9600,9485,9515,21,-0.004707112970711247
2023-07-18,9510,9545,9400,9410,41,-0.011035207566999494
2023-07-19,9445,9455,9375,9425,170,0.0015940488841656997
2023-07-20,9315,9455,9315,9415,40,-0.001061007957559701
2023-07-21,9510,9510,9395,9485,54,0.0074349442379182396
2023-07-24,9565,9565,9385,9445,34,-0.004217185028993153
2023-07-25,9520,9520,9415,9490,31,0.004764425622022284
2023-07-26,9595,9595,9250,9270,65,-0.023182297154899945
2023-07-27,9210,9420,9210,9320,568,0.005393743257820827
2023-07-28,9210,9355,9210,9350,41,0.0032188841201716833
2023-07-31,9520,9580,9490,9580,42,0.024598930481283476
2023-08-01,9510,9705,9510,9665,523,0.008872651356993666
2023-08-02,9575,9705,9540,9555,513,-0.011381272633212647
2023-08-03,9645,9645,9510,9575,20,0.002093144950287895
2023-08-04,9670,9670,9580,9635,20,0.0062663185378590835
2023-08-07,9525,9605,9525,9555,30,-0.008303061754021845
2023-08-08,9680,9680,9535,9560,22,0.0005232862375719183
2023-08-09,9465,9600,9465,9590,33595,0.003138075313807498
2023-08-10,9715,9750,9665,9750,1297,0.016684045881126153
2023-08-11,9810,9810,9680,9760,515,0.0010256410256410664
2023-08-14,9840,9840,9690,9735,21,-0.0025614754098360892
2023-08-16,9545,9545,9460,9460,20,-0.02824858757062143
2023-08-17,9495,9495,9320,9435,20,-0.0026427061310781985
2023-08-18,9390,9410,9335,9375,25,-0.006359300476947549
2023-08-21,9435,9435,9370,9380,25,0.0005333333333332746
2023-08-22,9475,9475,9345,9365,311,-0.0015991471215351938
2023-08-23,9360,9375,9320,9335,22,-0.0032034169781099964
2023-08-24,9425,9425,9310,9375,20,0.004284949116229342
2023-08-25,9340,9380,9335,9370,30,-0.0005333333333333856
2023-08-28,9515,9535,9465,9535,20,0.017609391675560193
2023-08-29,9625,9625,9550,9585,20,0.00524383848977461
2023-08-30,9720,9720,9595,9595,20,0.0010432968179447943
2023-08-31,9680,9680,9560,9605,20,0.0010422094841062712
2023-09-01,9635,9635,9510,9510,20,-0.009890681936491452
2023-09-04,9530,9580,9490,9580,20,0.007360672975814886
2023-09-05,9590,9595,9545,9570,22,-0.0010438413361169019
2023-09-06,9625,9625,9515,9530,21,-0.004179728317659337
2023-09-07,9400,9455,9380,9395,50,-0.014165792235047214
2023-09-08,9500,9525,9435,9525,24,0.013837147418839901
2023-09-11,9605,9605,9540,9595,28,0.0073490813648293685
2023-09-12,9715,9715,9485,9510,26,-0.008858780614903639
2023-09-13,9555,9555,9460,9475,20,-0.003680336487907443
2023-09-14,9565,9620,9505,9620,25,0.015303430079155689
2023-09-15,9665,9730,9640,9705,1444,0.008835758835758822
2023-09-18,9740,9740,9575,9705,21,0.0
2023-09-19,9765,9765,9645,9655,21,-0.005151983513652758
2023-09-20,9560,9635,9560,9610,225,-0.0046607975142413105
2023-09-21,9655,9655,9455,9455,20,-0.016129032258064502
2023-09-22,9440,9440,9335,9415,31,-0.004230565838180822
2023-09-25,9470,9470,9365,9385,49,-0.0031864046733934837
2023-09-26,9380,9380,9240,9245,3270,-0.014917421417155019
2023-09-27,9115,9285,9115,9285,180,0.004326663061114067
2023-10-04,9295,9295,9025,9035,34,-0.026925148088314477
2023-10-05,8995,9080,8955,8960,502,-0.00830105146651905
2023-10-06,9055,9065,9015,9045,35,0.009486607142857206
2023-10-10,9200,9200,9005,9035,25,-0.001105583195135429
2023-10-11,9155,9160,9090,9155,30,0.013281682346430568
2023-10-12,9260,9260,9140,9235,34,0.008738394320043641
2023-10-13,9220,9220,9125,9145,20,-0.009745533297238818
2023-10-16,9170,9170,9040,9095,22,-0.005467468562055822
2023-10-17,9205,9205,9105,9110,20,0.0016492578339746267
2023-10-18,9185,9185,9105,9120,20,0.001097694840834329
2023-10-19,8930,8965,8890,8900,56,-0.02412280701754388
2023-10-20,8925,8925,8730,8790,28,-0.012359550561797716
2023-10-23,8815,8815,8725,8740,22,-0.005688282138794132
2023-10-24,8710,8770,8560,8765,202,0.0028604118993134087
2023-10-25,8890,8895,8835,8875,20,0.012549914432401499
2023-10-26,8700,8745,8625,8625,119,-0.028169014084507005
2023-10-27,8620,8725,8620,8625,26,0.0
2023-10-30,8530,8720,8530,8700,21,0.008695652173912993
2023-10-31,8865,8865,8650,8675,21,-0.002873563218390829
2023-11-01,8780,8780,8695,8755,20,0.009221902017291006
2023-11-02,8885,8885,8815,8835,24,0.00913763563677894
2023-11-03,8955,8955,8865,8955,25,0.013582342954159499
2023-11-06,9170,9320,9110,9320,40,0.04075935231714123
2023-11-07,9400,9400,9160,9270,20,-0.005364806866952843
2023-11-08,9370,9370,9270,9270,26,0.0
2023-11-09,9320,9320,9265,9320,20,0.005393743257820827
2023-11-10,9155,9165,9115,9145,100,-0.018776824034334783
2023-11-13,9325,9325,9140,9155,20,0.0010934937124111865
2023-11-14,9140,9235,9140,9200,100,0.004915346805024479
2023-11-15,9455,9455,9330,9400,122,0.021739130434782705
2023-11-16,9405,9415,9335,9415,24,0.0015957446808509967
2023-11-17,9460,9460,9330,9365,20,-0.005310674455655917
2023-11-20,9420,9445,9350,9430,2025,0.0069407367859049
2023-11-21,9520,9520,9440,9500,2012,0.007423117709437932
2023-11-22,9505,9545,9460,9530,2506,0.0031578947368420263
2023-11-23,9605,9605,9500,9545,2500,0.0015739769150051597
2023-11-24,9605,9605,9495,9515,2502,-0.0031430068098481367
2023-11-27,9430,9540,9430,9500,2537,-0.0015764582238571023
2023-11-28,9625,9625,9545,9580,2500,0.008421052631578885
2023-11-29,9630,9630,9465,9490,2202,-0.009394572025052228
2023-11-30,9550,9620,9460,9620,2500,0.013698630136986356
2023-12-01,9610,9610,9490,9510,4001,-0.011434511434511463
2023-12-04,9610,9610,9540,9565,2512,0.005783385909568839
2023-12-05,9620,9660,9535,9600,5000,0.003659174072137894
2023-12-06,9690,9690,9605,9615,5005,0.0015624999999999112
2023-12-07,9605,9635,9565,9600,5000,-0.0015600624024960652
2023-12-08,9680,9680,9585,9615,7500,0.0015624999999999112
2023-12-11,9720,9720,9595,9645,1000,0.0031201248049921304
2023-12-12,9710,9720,9665,9695,1005,0.005184033177812353
2023-12-13,9755,9755,9620,9625,21,-0.0072202166064981865
2023-12-14,9730,9730,9670,9720,220,0.009870129870129807
2023-12-15,9780,9780,9715,9740,25,0.002057613168724215
2023-12-18,9825,9825,9710,9800,25,0.006160164271047153
2023-12-19,9795,9795,9715,9745,20,-0.0056122448979591955
2023-12-20,9845,9905,9760,9900,28,0.01590559261159563
2023-12-21,9835,9835,9785,9795,36,-0.010606060606060619
2023-12-22,9945,9945,9820,9825,25,0.003062787136294043
2023-12-26,9915,9915,9790,9845,46,0.0020356234096692294
2023-12-27,9805,9890,9765,9850,100,0.000507872016251909
2023-12-28,9920,10060,9920,10060,20,0.02131979695431463
2024-01-02,10000,10000,9910,9955,103,-0.010437375745526833
2024-01-03,9850,9895,9810,9820,526,-0.013561024610748373
2024-01-04,9720,9785,9710,9710,101,-0.011201629327902252
2024-01-05,9835,9835,9700,9725,20,0.001544799176107059
2024-01-08,9810,9810,9680,9685,20,-0.004113110539845755
2024-01-09,9675,9745,9675,9680,1094,-0.0005162622612286949
2024-01-10,9805,9805,9700,9710,21,0.0030991735537189147
2024-01-11,9800,9800,9695,9735,20,0.002574665293511913
2024-01-12,9735,9735,9585,9620,20,-0.011813045711350778
2024-01-15,9705,9705,9590,9615,20,-0.0005197505197505059
2024-01-16,9625,9625,9475,9475,4124,-0.014560582423296942
2024-01-17,9425,9475,9240,9240,502,-0.024802110817941925
2024-01-18,9335,9340,9235,9265,501,0.0027056277056276556
2024-01-19,9355,9355,9245,9285,21,0.0021586616297895045
2024-01-22,9370,9370,9245,9265,20,-0.002154011847065207
2024-01-23,9175,9325,9175,9290,510,0.002698327037236936
2024-01-24,9400,9400,9280,9315,20,0.0026910656620020568
2024-01-25,9215,9355,9215,9285,300,-0.0032206119162641045
2024-01-26,9405,9475,9355,9415,302,0.014001077005923568
2024-01-29,9340,9520,9340,9460,256,0.004779607010090281
2024-01-30,9610,9610,9520,9520,29,0.00634249471458781
2024-01-31,9410,9495,9410,9480,20,-0.004201680672268893
2024-02-01,9385,9720,9385,9695,27,0.02267932489451474
2024-02-02,9880,9985,9790,9965,108,0.027849406910778862
2024-02-05,10040,10040,9765,9915,23,-0.005017561465127995
2024-02-06,9905,9905,9815,9840,21,-0.0075642965204235635
2024-02-07,9950,10025,9925,10015,30,0.01778455284552849
2024-02-08,10100,10100,10000,10060,31,0.0044932601098353064
2024-02-13,9980,10090,9980,10010,1510,-0.00497017892644136
2024-02-14,9890,9945,9885,9905,22,-0.010489510489510523
2024-02-15,10100,10100,9935,9940,53,0.0035335689045936647
2024-02-16,10060,10130,10010,10130,36,0.019114688128772706
2024-02-19,10210,10290,10210,10290,23,0.015794669299111552
2024-02-20,10185,10210,10130,10150,20,-0.013605442176870763
2024-02-21,10100,10245,10100,10150,515,0.0
2024-02-22,10195,10215,10175,10205,20,0.005418719211822687
2024-02-23,10305,10305,10205,10225,20,0.0019598236158746563
2024-02-26,10270,10270,10040,10100,20,-0.012224938875305624
2024-02-27,10010,10060,9940,9945,610,-0.01534653465346536
2024-02-28,9910,10105,9910,10050,353,0.010558069381598756
2024-02-29,10070,10080,10040,10080,20,0.0029850746268655914
2024-03-04,10150,10150,10060,10070,21,-0.0009920634920634885
2024-03-05,10095,10130,10020,10030,51,-0.003972194637537285
2024-03-06,9910,10020,9910,9975,200,-0.0054835493519441725
2024-03-07,10110,10110,9990,10030,22,0.005513784461152804
2024-03-08,10155,10155,10085,10125,22,0.009471585244267278
2024-03-11,10165,10165,10045,10080,36,-0.004444444444444473
2024-03-12,10170,10170,10035,10085,21,0.0004960317460318553
2024-03-13,10175,10175,10090,10120,24,0.003470500743678828
2024-03-14,10180,10300,10160,10300,108,0.01778656126482203
2024-03-15,10130,10190,10085,10085,33,-0.020873786407766937
2024-03-18,10230,10230,10135,10200,28,0.011403073872087166
2024-03-19,10225,10225,10085,10095,22,-0.010294117647058787
2024-03-20,10215,10215,10110,10130,21,0.0034670629024269317
2024-03-21,10250,10295,10200,10295,25,0.016288252714708795
2024-03-22,10350,10350,10270,10320,26,0.002428363283147217
2024-03-25,10390,10390,10235,10290,46,-0.0029069767441860517
2024-03-26,10215,10355,10215,10260,39,-0.002915451895043719
2024-03-27,10350,10350,10250,10320,31,0.005847953216374213
2024-03-28,10215,10340,10215,10235,38,-0.008236434108527146
2024-03-29,10350,10350,10205,10205,25,-0.002931118710307823
2024-04-01,10315,10315,10225,10280,26,0.007349338559529572
2024-04-02,10300,10300,10210,10210,21,-0.006809338521400754
2024-04-03,10090,10100,10060,10075,1462,-0.013222331047992197
2024-04-04,10235,10235,10105,10155,75,0.007940446650124056
2024-04-05,10155,10155,10010,10045,274,-0.010832102412604683
2024-04-08,10160,10160,10030,10060,21,0.0014932802389249211
2024-04-09,10155,10170,10060,10070,31,0.0009940357852882276
2024-04-11,9825,9995,9825,9905,100,-0.01638530287984108
2024-04-12,9900,9990,9900,9920,96,0.0015143866733973166
2024-04-15,9905,9905,9785,9875,22,-0.004536290322580627
2024-04-16,9680,9750,9630,9650,1391,-0.02278481012658229
2024-04-17,9655,9655,9650,9650,4,0.0
2024-04-18,9830,9830,9830,9830,0,0.01865284974093262
2024-04-19,9775,9775,9775,9775,0,-0.005595116988809767
2024-04-22,9925,9965,9925,9965,17,0.019437340153452665
2024-04-23,9985,9985,9985,9985,0,0.002007024586051287
2024-04-24,10005,10005,10005,10005,0,0.0020030045067600533
2024-04-25,10020,10020,10020,10020,0,0.0014992503748125774
2024-04-26,10075,10075,10075,10075,0,0.005489021956087914
2024-04-29,10310,10310,10310,10310,0,0.023325062034739386
2024-04-30,10355,10380,10350,10350,28,0.0038797284190106307
2024-05-02,10310,10310,10310,10310,200,-0.0038647342995169476
2024-05-03,10300,10300,10300,10300,0,-0.0009699321047527132
2024-05-07,10385,10385,10385,10385,4,0.00825242718446595
2024-05-08,10440,10440,10440,10440,0,0.005296100144439153
2024-05-09,10440,10445,10440,10445,5,0.00047892720306519365
2024-05-10,10470,10470,10470,10470,0,0.002393489707994245
2024-05-13,10495,10495,10495,10495,1,0.0023877745940783512
2024-05-14,10515,10515,10515,10515,1,0.001905669366364826
2024-05-16,10585,10650,10585,10650,11,0.012838801711840153
2024-05-17,10530,10550,10530,10550,3,-0.009389671361502372
2024-05-20,10585,10585,10585,10585,1,0.0033175355450236754
2024-05-21,10545,10545,10545,10545,0,-0.0037789324515824507
2024-05-22,10530,10530,10530,10530,0,-0.0014224751066855834
2024-05-23,10520,10520,10520,10520,1,-0.0009496676163343043
2024-05-24,10445,10445,10445,10445,0,-0.0071292775665399155
2024-05-27,10545,10545,10545,10545,0,0.00957395883197698
2024-05-28,10530,10530,10530,10530,0,-0.0014224751066855834
2024-05-29,10475,10475,10475,10475,0,-0.005223171889838563
2024-05-30,10330,10340,10330,10340,25,-0.01288782816229117
2024-05-31,10370,10370,10370,10370,0,0.0029013539651836506
2024-06-03,10525,10525,10525,10525,0,0.01494696239151394
2024-06-04,10430,10430,10430,10430,0,-0.009026128266033218
2024-06-05,10430,10430,10430,10430,0,0.0
2024-06-07,10480,10480,10480,10480,0,0.004793863854266611
2024-06-10,10480,10480,10480,10480,0,0.0
2024-06-11,10505,10505,10505,10505,4,0.0023854961832061594
2024-06-12,10565,10565,10565,10565,0,0.0057115659209900915
2024-06-13,10565,10565,10565,10565,0,0.0
2024-06-14,10565,10565,10565,10565,0,0.0
2024-06-17,10640,10640,10560,10580,20,0.0014197823000472454
2024-06-18,10640,10640,10535,10540,20,-0.003780718336483968
2024-06-19,10555,10555,10555,10555,0,0.0014231499051233776
2024-06-20,10600,10600,10600,10600,0,0.00426338228327805
2024-06-21,10570,10580,10560,10560,40,-0.0037735849056603765
2024-06-24,10520,10520,10520,10520,0,-0.0037878787878787845
2024-06-25,0,0,0,10520,0,0.0
