event_time,message
2023-04-15 10:38:00,message_0
2023-04-15 10:51:00,message_1
2023-04-15 10:28:00,message_2
2023-04-15 10:14:00,message_3
2023-04-15 10:42:00,message_4
2023-04-15 10:07:00,message_5
2023-04-15 10:20:00,message_6
2023-04-15 10:38:00,message_7
2023-04-15 10:57:00,message_8
2023-04-15 10:18:00,message_9
2023-04-15 10:22:00,message_10
2023-04-15 10:10:00,message_11
2023-04-15 10:10:00,message_12
2023-04-15 10:23:00,message_13
2023-04-15 10:52:00,message_14
2023-04-15 10:35:00,message_15
2023-04-15 10:39:00,message_16
2023-04-15 10:23:00,message_17
2023-04-15 10:02:00,message_18
2023-04-15 10:21:00,message_19
2023-04-15 10:52:00,message_20
2023-04-15 10:01:00,message_21
2023-04-15 10:23:00,message_22
2023-04-15 10:43:00,message_23
2023-04-15 10:29:00,message_24
2023-04-15 10:37:00,message_25
2023-04-15 10:01:00,message_26
2023-04-15 10:59:00,message_27
2023-04-15 10:20:00,message_28
2023-04-15 10:32:00,message_29
2023-04-15 10:11:00,message_30
2023-04-15 10:57:00,message_31
2023-04-15 10:21:00,message_32
2023-04-15 10:43:00,message_33
2023-04-15 10:24:00,message_34
2023-04-15 10:48:00,message_35
2023-04-15 10:26:00,message_36
2023-04-15 10:58:00,message_37
2023-04-15 10:41:00,message_38
2023-04-15 10:27:00,message_39
2023-04-15 10:59:00,message_40
2023-04-15 10:15:00,message_41
2023-04-15 10:14:00,message_42
2023-04-15 10:46:00,message_43
2023-04-15 10:50:00,message_44
2023-04-15 10:43:00,message_45
2023-04-15 10:54:00,message_46
2023-04-15 10:51:00,message_47
2023-04-15 10:56:00,message_48
2023-04-15 10:02:00,message_49
2023-04-15 10:36:00,message_50
2023-04-15 10:50:00,message_51
2023-04-15 10:06:00,message_52
2023-04-15 10:20:00,message_53
2023-04-15 10:08:00,message_54
2023-04-15 10:38:00,message_55
2023-04-15 10:17:00,message_56
2023-04-15 10:03:00,message_57
2023-04-15 10:24:00,message_58
2023-04-15 10:59:00,message_59
2023-04-15 10:13:00,message_60
2023-04-15 10:49:00,message_61
2023-04-15 10:57:00,message_62
2023-04-15 10:08:00,message_63
2023-04-15 10:25:00,message_64
2023-04-15 10:52:00,message_65
2023-04-15 10:01:00,message_66
2023-04-15 10:19:00,message_67
2023-04-15 10:27:00,message_68
2023-04-15 10:46:00,message_69
2023-04-15 10:59:00,message_70
2023-04-15 10:06:00,message_71
2023-04-15 10:43:00,message_72
2023-04-15 10:07:00,message_73
2023-04-15 10:46:00,message_74
2023-04-15 10:34:00,message_75
2023-04-15 10:13:00,message_76
2023-04-15 10:16:00,message_77
2023-04-15 10:35:00,message_78
2023-04-15 10:49:00,message_79
2023-04-15 10:39:00,message_80
2023-04-15 10:03:00,message_81
2023-04-15 10:01:00,message_82
2023-04-15 10:05:00,message_83
2023-04-15 10:53:00,message_84
2023-04-15 10:41:00,message_85
2023-04-15 10:03:00,message_86
2023-04-15 10:53:00,message_87
2023-04-15 10:28:00,message_88
2023-04-15 10:17:00,message_89
2023-04-15 10:25:00,message_90
2023-04-15 10:43:00,message_91
2023-04-15 10:33:00,message_92
2023-04-15 10:09:00,message_93
2023-04-15 10:35:00,message_94
2023-04-15 10:13:00,message_95
2023-04-15 10:30:00,message_96
2023-04-15 10:47:00,message_97
2023-04-15 10:14:00,message_98
2023-04-15 10:07:00,message_99
